P80 (micras),TONS/DIA  HUMEDAS,% HUMEDAD,TONS/DIA  SECAS,HORAS,TONS/Hr  SECAS,Gcab-Au,Gcab-Ag,Gcab-Pb,Gcab-Zn,Gcab-Cu,Gcab-Fe,Gcab-As,Gcab-Pb ox,Gcab-Zn ox,Gcab-PbS,Gcab-PbO,Gcab-ZnS,Gcab-ZnO,GC-Au,GC-Ag,GC-Pb,GC-Zn,GC-Cu,GC-Fe,GC-As,R-Au,R-Ag,R-Pb,R-Zn,R-Cu,R-Fe,R-As,GC-Pb ox,GC-Zn ox,GC-PbS,GC-PbO,GC-ZnS,GC-ZnO,COMPOSITO DÍA,,Gcu-Au,Gcu-Ag,Gcu-Pb,Gcu-Zn,Gcu-Cu,Gcu-Fe,Gcu-As,Rcu-Au,Rcu-Ag,Rcu-Pb,Rcu-Zn,Rcu-Cu,Rcu-Fe,Rcu-As,GCzn-Au,GCzn-Ag,GCzn-Pb,GCzn-Zn,GCzn-Cu,GCzn-Fe,GCzn-As,Rzn-Au,Rzn-Ag,Rzn-Pb,Rzn-Zn,Rzn-Cu,Rzn-Fe,Rzn-As,GPb-Au,GPb-Ag,GPb-Pb,GPb-Zn,GPb-Cu,GPb-Fe,GPb-As,RPb-Au,RPb-Ag,RPb-Pb,RPb-Zn,RPb-Cu,RPb-Fe,RPb-As,GPb-Pb ox,GPb-Zn ox,GPb-PbS,GPb-PbO,GPb-ZnS,GPb-ZnO
166,1638,2,1638,8,204.78,0.17,29,0.78,1.8,0.19,2.9,0.02,0.13,0.07,83.33,16.67,96.1,3.89,0.08,6,0.15,0.26,0.05,2.6,0.02,49.6,20.4,18.4,13.8,22.7,89.1,90.3,0.11,0.06,26.67,73.33,76.9,23.08,0.22,3.57,3.8,760,2.66,5.82,30.2,27,0.04,5.35,5.88,0.74,0.7,34.6,2.1,0.41,0.32,127,2.84,50.7,1.12,6.4,0.04,6.04,13.18,10.63,82.22,17.21,6.68,5.5,6,1694,54.5,5.78,4.82,6,0.08,38.99,60.49,70.19,3.23,25.49,2.15,3.79,1.62,0.06,97.03,2.97,99,1.04
164,1602,2,1572,8,196.48,0.17,30.28,0.85,1.88,0.18,3.3,0.03,0.12,0.06,85.88,14.12,96.8,3.19,0.13,6,0.13,0.28,0.05,3.1,0.03,55.04,18,14.6,14.2,28.7,90.2,91.3,0.11,0.06,15.38,84.62,78.6,21.43,0.12,1.9,9.75,799,4,10.8,26.6,26.3,0.04,5.23,3.04,0.57,0.7,17.89,0.97,0.15,0.41,140,1.64,50.9,1.06,6.9,0.04,5.38,13.02,5.72,80.25,17.45,6.22,3.77,6.2,1679,53.7,7.22,5.17,6.8,0.12,34.35,65.94,79.08,4.81,35.95,2.59,4.78,1.24,0.04,97.69,2.31,99.4,0.55
170,1671,2,1638,7,234.04,0.16,27.8,0.74,1.87,0.22,3.1,0.03,0.09,0.05,87.84,12.16,97.3,2.67,0.1,8,0.2,0.2,0.1,2.9,0,57.7,23.7,20.7,11.1,26.1,88.5,91.7,0.08,0.05,50,50,77,23,0.29,4.74,3.2,667,1.24,2.68,32.2,28.5,0.02,5.08,5.98,0.48,0.41,42.36,2.63,0.18,0.34,153,3.2,50.8,1.09,7,0.04,5.8,14.72,13.44,84.41,15.4,6.94,3.97,6.1,1914,51.6,8.08,3.79,6.4,0.14,31.39,55.59,65.39,4.05,16.16,1.91,4.19,1.16,0.06,97.75,2.25,99.3,0.74
167,1507,2,1477,8,184.63,0.16,42.7,0.92,1.86,0.23,3.3,0.03,0.1,0.05,89.13,10.87,97.3,2.69,0.06,3,0.11,0.19,0.05,3.2,0.03,33.81,7.66,11.4,9.74,20.73,89.97,91.5,0.08,0.04,27.27,72.73,78.9,21.05,0.27,3.93,6.8,992,3.8,4.94,30.4,25.4,0.04,10.7,7.08,1.1,0.71,35.21,1.99,0.34,0.1,147,2.66,52.8,1.12,6.2,0.04,1.79,11.95,8.78,86.17,14.78,5.55,3.88,6.8,2048,54.2,4.7,5.04,6.3,0.1,53.69,73.3,78.72,3.38,29.28,2.48,4.27,1.01,0.04,98.14,1.86,99.1,0.85
172,1580,2,1550,8,193.75,0.22,37,0.89,1.82,0.21,3.6,0.04,0.09,0.06,89.89,10.11,96.7,3.3,0.15,5,0.11,0.2,0.05,3.5,0.04,60.48,13.49,11.8,10.49,20.46,89.66,90.49,0.08,0.06,27.27,72.73,70,30,0.29,4.53,3,764,1.52,4.96,30.4,26,0.02,3.7,6.31,0.5,0.8,42.32,2.04,0.14,0.5,137,2.56,51.6,1.01,7.8,0.08,5.97,10.94,8.13,80.12,13.59,5.91,5.36,5,1734,50.1,11.06,3.51,6.3,0.12,29.85,69.26,79.57,8.59,23.63,2.39,4.02,0.96,0.05,98.08,1.92,99.5,0.45
172,1505,2,1475,8,184.38,0.18,37,0.96,1.82,0.25,3.2,0.03,0.07,0.06,92.71,7.29,96.7,3.3,0.09,7,0.13,0.16,0.04,2.9,0.03,44.03,17.48,12.85,8.34,15.19,84.52,87.31,0.08,0.05,38.46,61.54,68.8,31.25,0.4,5.87,3.8,811,2.74,3.42,31.5,27.6,0.02,7.79,8.48,1.13,0.75,50.1,3.37,0.24,0.56,119,2.46,47.7,1.03,9.3,0.08,9.19,9.96,8.15,83.39,13.11,9.09,7.81,5,1610,49.4,9.04,3.57,6.5,0.1,39,64.08,77.86,7.52,21.61,3.02,4.64,0.8,0.06,98.38,1.62,99.3,0.66
161,1637,2,1606,8,200.79,0.16,36.3,0.98,1.91,0.21,3,0.02,0.09,0.05,90.82,9.18,97.4,2.62,0.06,6,0.11,0.24,0.05,2.8,0.02,35.21,14.38,10.68,11.96,20.84,87.21,82.43,0.07,0.04,36.36,63.64,83.3,16.67,0.2,3.2,1.7,638,1.46,2.87,32.8,27.5,0.02,2.09,3.2,0.3,0.3,31.11,1.79,0.17,0.35,117,2.08,50.6,0.92,7.2,0.06,6.7,9.15,6.59,82.26,13.6,7.32,8.07,5.9,1891,52.5,6.81,4.7,7.3,0.14,55.99,73.27,82.43,5.49,34.44,3.68,9.33,0.77,0.03,98.53,1.47,99.6,0.44
172,1633,2,1602,8,200.27,0.16,41.3,1.11,1.94,0.25,3,0.03,0.11,0.04,90.09,9.91,97.9,2.06,0.07,8,0.16,0.22,0.05,2.8,0.03,43.07,17.95,13.66,10.75,17.82,86.15,88.9,0.08,0.04,50,50,81.8,18.18,0.42,6.67,1.2,671,3.1,2.52,32.3,27.5,0.02,3.25,6.62,1.16,0.54,53.82,3.72,0.26,0.24,121,3.18,49.2,0.93,7.2,0.06,5.2,9.56,9.57,84.68,12.42,7.8,6.26,5.1,1900,57.3,5.34,2.72,4.9,0.1,48.49,65.87,75.61,4.03,15.94,2.33,4.58,0.7,0.03,98.78,1.22,99.4,0.56
166,1690,2,1659,8,207.41,0.23,44,1.1,1.88,0.29,3.2,0.02,0.07,0.06,93.66,6.34,96.8,3.19,0.1,4,0.16,0.16,0.07,3,0.02,44.64,9.83,13.72,8.05,23.16,86.5,85.69,0.06,0.05,62.5,37.5,68.7,31.33,0.36,5.89,2.2,636,3.02,2.72,30.7,27.6,0.02,3.69,5.86,0.97,0.51,37.6,2.99,0.32,0.39,155,2.36,48.8,1.11,6,0.04,5.95,13.02,6.92,83.96,12.38,5.91,5.86,5.4,1530,48.2,7.83,4.34,8.4,0.1,45.72,71.29,78.39,7.47,26.86,4.59,8.13,0.81,0.04,98.32,1.68,99.5,0.51
157,1176,2,1152,7.33,157.14,0.25,48.4,1.19,2.26,0.25,3.4,0.03,0.17,0.1,85.71,14.29,95.6,4.42,0.11,6,0.21,0.2,0.07,3.2,0.03,36.22,11.55,16.58,8.31,27.14,86.73,87.35,0.16,0.11,23.81,76.19,45,55,0.12,1.34,2.8,608,2.64,6.28,28.6,26.8,0.06,1.14,1.44,0.26,0.32,13.26,0.9,0.22,0.46,180,2.68,47.7,1.32,6,0.04,6.33,14.48,8.84,82.85,20.72,6.8,4.87,7.9,1741,43.5,9.47,4.78,9.5,0.12,56.31,72.53,74.33,8.52,38.88,5.57,7.56,0.81,0.05,98.14,1.86,99.5,0.53
169,1523,2,1494,6.33,235.82,0.23,49,1.24,2.24,0.25,3.2,0.02,0.06,0.03,95.16,4.84,98.7,1.34,0.08,4,0.17,0.15,0.04,3,0.02,38.52,9.18,12.9,6.3,13.92,87.08,88.07,0.09,0.04,47.06,52.94,73.3,26.67,0.26,3.96,2.7,754,2.56,2.96,33.4,27.6,0.02,3.66,4.87,0.55,0.35,35.39,2.26,0.25,0.31,188,3.96,50.6,1.32,5.6,0.02,6.26,18.09,12.6,89.13,20.83,6.82,3.69,5.9,1629,53.7,5.54,4.37,7.3,0.1,51.56,67.86,73.95,4.22,29.85,3.85,7.99,0.93,0.03,98.27,1.73,99.5,0.54
166,1663,3,1621,8,202.66,0.19,35,0.94,1.96,0.23,2.8,0.02,0.08,0.06,91.49,8.51,96.9,3.06,0.08,10,0.14,0.16,0.05,2.6,0.02,35.16,22.54,14.14,7.75,19.15,86.68,85.98,0.07,0.06,50,50,62.5,37.5,0.35,5.69,5.5,633,7.14,5.58,27.1,26.5,0.06,8.93,5.27,2.67,1,41.7,3.26,0.95,0.4,213,4.36,49.8,1.55,6.1,0.04,6.36,17.38,15.94,87.33,23.36,7.36,6.22,8.5,1833,50.2,6.1,2.86,6.1,0.12,49.54,54.8,67.25,3.92,15.79,2.7,6.84,0.68,0.06,98.65,1.35,99,0.98
168,1674,2,1637,8,204.57,0.2,28.2,0.92,1.77,0.16,3.1,0.03,0.15,0.07,83.7,16.3,96,3.95,0.07,4,0.23,0.32,0.05,2.9,0.03,36.75,14.08,23.97,17.33,28.76,90.97,92.31,0.1,0.05,56.52,43.48,84.4,15.63,0.13,2.14,17.8,941,3.5,5.64,29.7,25,0.06,10.03,2.61,0.45,0.34,20.89,1.01,0.36,0.33,114,2.68,48.9,0.85,6.1,0.04,4.95,11.47,7.98,75.7,14.56,5.47,3.52,7.1,1535,49.4,8.92,4.49,6.4,0.1,48.59,70.43,67.12,6.3,35.08,2.62,4.01,0.8,0.05,98.38,1.62,99.4,0.56
172,1639,2,1603,7.67,209.08,0.21,43.2,1.03,2.19,0.19,3.3,0.02,0.09,0.04,91.26,8.74,98.2,1.83,0.09,10,0.13,0.17,0.04,3.1,0.02,35.92,19.63,11.94,7.34,20.41,89.06,84.76,0.1,0.06,23.08,76.92,64.7,35.29,0.13,2.14,17.8,941,3.5,5.64,29.7,25,0.06,10.03,2.61,0.45,0.34,20.89,1.01,0.36,0.46,181,2.96,50.8,1.52,6.2,0.04,7.28,14.09,10.78,86.99,30,7.06,6.72,7.3,2020,52.1,7.68,3.59,6.2,0.12,46.77,63.67,76.83,5.33,28.7,2.86,8.17,0.75,0.05,98.56,1.44,99.3,0.65
170,1568,2,1532,8,191.49,0.24,40.7,0.95,1.76,0.25,3.2,0.03,0.12,0.1,87.37,12.63,94.3,5.68,0.12,8,0.2,0.3,0.06,3,0.03,48.94,17.13,20.01,16.2,22.43,86.64,84.81,0.11,0.08,45,55,73.3,26.67,0.31,4.81,4.4,734,6.06,2.18,28.3,28.1,0.06,5.92,5.19,2,0.39,35.51,2.68,0.56,0.54,142,2.08,41.8,1.16,7.6,0.1,7.59,10.48,7.17,77.8,15.2,7.57,9.74,6.4,2181,49.2,7.22,4.91,7.5,0.12,37.55,67.2,70.82,5.61,26.86,3.12,4.88,1.03,0.05,97.91,2.09,99.3,0.69
161,1628,0,1597,6.67,239.5,0.2,53.8,1.03,1.9,0.26,3.1,0.04,0.06,0.05,94.17,5.83,97.4,2.63,0.06,8,0.1,0.16,0.04,2.7,0.04,28.64,13.51,9.12,7.91,15.89,80.61,81.33,0.06,0.05,40,60,68.8,31.25,0.12,1.97,2.9,690,4.12,2.8,29.9,28,0.08,1.81,1.53,0.49,0.18,14.15,1.1,0.21,0.63,106,0.98,42,1.4,9.3,0.12,11.83,7.05,3.52,81.7,19.9,10.93,9.6,5,1907,39.4,8.54,5.73,10.2,0.18,57.71,77.91,86.87,10.21,50.05,7.36,8.85,0.79,0.05,97.99,2.01,99.4,0.59
165,1151,2,1124,6.67,168.59,0.24,46.4,1.01,2.05,0.23,3.4,0.04,0.14,0.07,86.14,13.86,96.6,3.41,0.1,9,0.19,0.28,0.05,3.2,0.04,36.23,19.05,17.92,13.01,18.64,90.07,91.15,0.11,0.07,42.11,57.89,75,25,0.16,1.75,2.7,566,5.4,10.52,26,23.1,0.04,1.6,1.96,0.83,0.8,17.63,1.06,0.15,0.61,173,2.84,52.2,1.37,5.7,0.04,6.4,10.6,7.75,70.2,16.42,4.64,2.64,8.1,1700,41,18.1,6.01,7.9,0.14,55.77,68.39,73.49,15.98,47.31,4.23,6.06,0.98,0.06,97.61,2.39,99.7,0.33
189,1574,2,1540,6.67,230.99,0.26,48,1.08,1.82,0.29,3.3,0.03,0.23,0.11,78.7,21.3,94,6.04,0.14,11,0.27,0.39,0.1,3.1,0.03,49.62,23.56,23.93,20.51,33.33,90.89,88.61,0.16,0.11,40.74,59.26,71.8,28.21,0.28,4.32,6.4,540,2.2,2.06,33.1,28.6,0.02,6.65,3.39,0.57,0.32,32.01,2.46,0.17,0.25,106,1.82,53.6,0.81,4.7,0.04,2.37,6.06,4.31,75.25,7.14,3.68,3.15,7.7,2063,53,4.92,5.5,6.7,0.18,41.37,66.98,71.19,3.92,27.51,2.98,8.06,1.37,0.04,97.42,2.58,99.2,0.81
167,1600,2,1568,8,196.02,0.2,41,1.12,2.15,0.23,3.2,0.03,0.11,0.06,90.18,9.82,97.2,2.79,0.08,6,0.13,0.23,0.03,2.9,0.03,38.55,14.1,10.97,10.11,13.15,86.82,89.23,0.06,0.04,53.85,46.15,82.6,17.39,0.37,5.77,2.6,673,7.7,1.28,30.9,26.2,0.02,4.88,6.15,2.53,0.22,49.43,3.05,0.23,0.27,85,1.56,52.7,0.93,6.7,0.04,4.75,7.3,4.81,84.67,13.97,7.33,4.35,6.2,1778,55.8,6.55,3.29,5.4,0.12,51.82,72.45,81.69,4.99,23.45,2.8,6.19,0.74,0.03,98.67,1.33,99.5,0.46
168,1665,2,1632,8,204.03,0.2,38,1.22,2.08,0.22,2.9,0.04,0.1,0.06,91.8,8.2,97.1,2.88,0.08,6,0.17,0.23,0.05,2.7,0.04,36.43,13.86,13.15,10.44,20.16,86.83,87.88,0.09,0.05,47.06,52.94,78.3,21.74,0.35,5.78,10,993,17.7,3.6,24.4,22.8,0.08,17.1,8.61,5.14,0.61,39.3,2.75,0.66,0.41,134,2.76,48.4,0.98,5.7,0.06,6.95,11.52,7.94,81.7,15.64,6.82,4.9,4.65,1531,51.1,8.56,3.11,6,0.16,39.52,66.01,73.77,7.25,24.9,3.6,6.56,0.55,0.03,98.92,1.08,99.6,0.35
169,964,2,946,7.33,128.99,0.19,33,1.28,2.27,0.21,3.1,0.03,0.11,0.04,91.41,8.59,98.2,1.76,0.12,7,0.18,0.21,0.04,2.9,0.03,55.01,17.06,13.25,8.72,19.29,88.28,91.48,0.1,0.06,44.44,55.56,71.4,28.57,0.16,1.52,2,647,4,5.22,30.9,25.6,0.02,1.56,2.68,0.5,0.37,23.58,1.33,0.1,0.26,142,3.06,51.3,1.03,5.3,0.02,4.77,13.85,9.01,85.21,18.49,6.46,2.44,4.3,1389,53.5,7.01,4.39,6.6,0.1,38.66,66.4,77.24,5.71,38.63,3.94,5.98,0.7,0.03,98.69,1.31,99.6,0.43
171,1700,2,1664,8,208.02,0.33,36,1.11,2.15,0.22,3.1,0.05,0.32,0.2,71.17,28.83,90.7,9.3,0.18,10,0.11,0.22,0.08,3,0.05,45.4,20.6,9.38,9.69,35.61,88.2,88.32,0.23,0.16,-109.09,209.09,27.3,72.73,0.08,1.41,5.36,589,3.22,19.3,23.7,20.3,0.02,1.21,1.09,0.25,0.76,9.23,0.54,0.03,0.84,234,4.62,46,1.42,6.6,0.08,7.18,16.34,13.36,68.67,20.91,6.58,4.79,8.5,1396,41.9,22,3.66,7.4,0.18,46.2,61.97,77.01,20.88,34.25,4.69,6.85,0.83,0.04,98.02,1.98,99.8,0.18
166,1600,2,1572,8,196.56,0.22,35,1.05,2.03,0.2,2.8,0.05,0.18,0.11,82.86,17.14,94.6,5.42,0.12,6,0.16,0.23,0.05,2.6,0.06,53.45,15.08,14.51,10.79,22.85,88.07,92.68,0.14,0.1,12.5,87.5,56.5,43.48,0.23,3.55,5.1,525,1.64,3.48,28.6,27.1,0.02,5.39,3.13,0.35,0.39,32.32,2.18,0.07,0.34,178,3.44,54.4,0.99,5.8,0.06,4.94,14.6,10.18,83.26,15.38,6.41,3.02,5.35,1760,54.4,7.8,4.07,6.5,0.18,36.21,67.2,74.96,5.56,29.44,3.35,4.22,1.57,0.07,97.11,2.89,99.1,0.9
171,1626,2,1593,8,199.14,0.17,43,0.95,1.9,0.29,3.3,0.04,0.13,0.07,86.32,13.68,96.3,3.68,0.06,6,0.12,0.27,0.04,2.7,0.04,35.1,12.81,11.99,13.48,12.76,84.86,88.21,0.07,0.05,41.67,58.33,81.5,18.52,0.42,6.64,2.1,611,3.46,2.42,29.9,27.6,0.04,5.4,5.73,1.52,0.53,42.97,3.81,0.39,0.2,158,2.34,49.8,1.18,6.1,0.06,3.64,10.49,7.27,77.37,12.01,5.96,4.12,5.2,1810,43.2,9.4,5.37,9.3,0.18,55.86,70.96,79.23,8.62,32.26,5.37,7.29,0.95,0.05,97.8,2.2,99.5,0.53
164,1560,2,1526,6.67,228.96,0.19,36,0.85,1.77,0.24,2.4,0.02,0.08,0.04,90.59,9.41,97.7,2.26,0.03,4,0.11,0.16,0.02,2.2,0.02,26.1,10.73,12.35,8.63,9.75,86.58,91.87,0.07,0.05,36.36,63.64,68.8,31.25,0.38,5.76,1.8,665,3.82,2.52,31.6,28.3,0.02,6.19,7.05,1.7,0.54,50.72,4.4,0.36,0.14,167,3.78,52.9,1.22,5,0.02,3.66,13.46,12.75,85.7,14.89,5.91,2.76,5.4,1880,47.8,6.98,4.45,5.8,0.08,64.06,68.77,73.2,5.13,24.65,3.11,5.01,1.23,0.04,97.43,2.57,99.4,0.57
169,1232,2,1212,6.67,181.78,0.31,47,1.22,2.38,0.32,3.5,0.03,0.09,0.05,92.62,7.38,97.9,2.1,0.15,11,0.09,0.22,0.08,3.3,0.03,37.24,19.9,6.9,8.65,23.68,86.68,85.01,0.05,0.05,44.44,55.56,77.3,22.73,0.37,4.54,6,707,5.36,8.92,29,21,0.02,5.96,5.12,1.64,1.4,33.93,2.21,0.23,0.37,137,2.02,51.6,1.05,6,0.04,3.55,9.58,5.99,78.43,11.87,6.09,4.38,8.2,1382,42.6,11.2,3.99,7.3,0.14,53.25,65.4,85.46,11.52,30.52,5.02,10.38,1.04,0.03,97.56,2.44,99.7,0.27
166,1620,2,1587,8,198.43,0.18,37,0.98,1.72,0.21,3.2,0.03,0.14,0.1,85.71,14.29,94.2,5.81,0.1,8,0.16,0.18,0.04,3.3,0.04,45.8,20.4,15.6,10,18.6,90.5,92.3,0.11,0.09,31.25,68.75,50,50,0.15,2.4,5.6,882,3.66,3.14,32.1,26.5,0.02,4.07,3.58,0.57,0.28,23.15,1.15,0.07,0.3,129,1.76,49.9,0.9,5.7,0.04,4.05,9.72,5.06,81.67,12.06,4.61,2.73,5.7,1468,45.8,8.24,5.75,7.7,0.12,46.13,66.28,78.81,8.08,46.17,3.73,4.9,0.93,0.06,97.97,2.03,99.3,0.73
163,1610,2,1574,8,196.8,0.12,38,0.9,1.77,0.18,2.3,0.02,0.19,0.07,78.89,21.11,96,3.95,0.1,7,0.2,0.2,0,2.2,0,48.4,19.1,15.9,8.1,20.7,88.8,91.8,0.11,0.07,26.67,73.33,53.3,46.67,0.17,2.72,1.7,752,3.48,1.86,32.8,28.5,0.02,2.48,3.72,0.67,0.18,31.5,2.08,0.17,0.13,141,2.16,54,0.87,4.5,0.02,3.16,11.63,6.92,87.98,13.94,5.48,2.77,4,1684,50.6,4.87,4.48,6.3,0.08,45.94,65.52,76.48,3.74,33.86,3.62,5.23,0.94,0.04,98.14,1.86,99.2,0.82
169,1690,2,1654,8,206.74,0.2,35,0.87,1.73,0.23,2.8,0.03,0.19,0.1,78.16,21.84,94.2,5.78,0.12,6,0.18,0.17,0.06,2.6,0.03,59.2,17.08,19.75,9.38,24.49,88.23,91.73,0.15,0.1,16.67,83.33,41.2,58.82,0.31,5.19,1.55,653,4.34,2.04,29.5,27.2,0.04,2.51,6.11,1.57,0.37,40.27,3.04,0.4,0.33,129,1.98,49.5,1.12,5.9,0.04,4.97,11.22,6.64,83.49,14.21,6.12,3.74,5,1706,48.6,9.07,3.75,5.7,0.1,33.31,65.59,72.04,6.76,21.03,2.61,4.13,1.51,0.07,96.89,3.11,99.2,0.77
172,1572,2,1536,8,191.95,0.09,39,0.99,2.12,0.19,2.5,0.04,0.09,0.06,90.91,9.09,97.2,2.83,0.06,5,0.14,0.19,0.03,2.3,0.03,49.63,12.23,13.41,8.5,15.97,86.06,90.85,0.07,0.06,50,50,68.4,31.58,0.26,4.05,1.4,651,1.94,1.66,31.7,27.8,0.02,3.22,4.43,0.52,0.21,43.99,2.89,0.17,0.26,100,1.62,52.2,0.89,5.8,0.04,7.99,9.09,5.77,86.75,16.5,8.06,4.5,3.2,2052,56.7,6.87,3.19,5.4,0.1,39.15,74.25,80.31,4.54,23.54,2.99,4.48,0.82,0.03,98.55,1.45,99.6,0.44
170,1654,2,1616,8,201.99,0.12,37,0.99,2.46,0.24,2.9,0.08,0.07,0.05,92.93,7.07,98,2.03,0.05,6,0.14,0.26,0.04,2.6,0.07,43.24,15.45,13.33,9.96,14.14,86.25,94.38,0.07,0.05,50,50,80.8,19.23,0.26,4.19,4.28,712,2.18,2.22,32.7,27.2,0.04,10.19,5.05,0.57,0.23,35.36,2.48,0.15,0.19,86,1.43,53.4,0.97,5.3,0.05,6.86,9.25,5.69,85.46,15.91,7.34,2.82,2.8,1664,51.5,6.92,5.37,7.2,0.12,39.71,70.26,80.41,4.35,34.59,3.92,2.65,0.79,0.03,98.47,1.53,99.6,0.43
168,1542,2,1508,8,188.48,0.12,31,0.84,2.08,0.16,2.8,0.04,0.1,0.06,88.1,11.9,97.1,2.88,0.06,6,0.15,0.3,0.04,2.6,0.04,51.67,17.95,16.98,13.72,22.59,87.47,92.46,0.07,0.06,53.33,46.67,80,20,0.13,1.91,1.37,541,1.18,1.2,33.3,28.2,0.02,1.57,2.16,0.18,0.07,26.36,1.26,0.06,0.19,94,1.62,50.5,0.82,6.8,0.04,5.69,9.78,6.38,80.27,16.94,7.95,3.21,3.1,1523,43.9,8.45,3.73,6.4,0.12,41.07,70.11,76.46,5.94,34.11,3.31,4.27,1.08,0.05,97.54,2.46,99.4,0.59
168,1341,2,1312,6,218.7,0.09,29,0.76,2.03,0.17,2.7,0.05,0.08,0.05,89.47,10.53,97.5,2.46,0.04,4,0.1,0.16,0.03,2.5,0.04,50,13.32,12.52,7.5,13.99,88.18,95.72,0.05,0.05,50,50,68.8,31.25,0.22,2.86,0.97,612,6.02,1.12,31,26.5,0.02,2.77,4.66,1.72,0.12,39.69,2.14,0.11,0.13,83,1.22,52,0.83,5.6,0.02,5.9,10.04,5.54,88.47,16.86,7.17,1.74,2.6,1700,50.4,6.56,4.14,5.6,0.08,41.33,71.98,80.22,3.91,29.46,2.51,2.43,0.76,0.02,98.49,1.51,99.7,0.3
189,1660,2,1621,7.67,211.46,0.14,31,0.87,1.97,0.18,2.8,0.03,0.09,0.07,89.66,10.34,96.4,3.55,0.08,5,0.11,0.19,0.02,2.6,0.03,52.84,15.43,12.01,9.16,12.66,87.14,91.24,0.06,0.06,45.45,54.55,68.4,31.58,0.23,3.71,2.32,626,2.38,2.28,31.5,27.8,0.02,3.69,4.65,0.63,0.26,40,2.24,0.15,0.35,119,1.84,47.7,1.28,6.6,0.04,8.53,13.56,7.42,84.9,24.93,8.17,4.49,3.9,1585,54,8.68,3.13,5.4,0.1,34.94,66.35,79.95,5.68,22.4,2.45,4.12,0.79,0.02,98.54,1.46,99.8,0.23
171,1710,2,1676,6.33,264.71,0.23,45,1.18,2.08,0.3,3.2,0.03,0.17,0.11,85.59,14.41,94.7,5.29,0.14,6,0.16,0.15,0.05,2.9,0.03,52.49,12.38,12.82,6.82,14.5,86.71,89.57,0.12,0.12,25,75,20,80,0.4,6.71,4.2,725,1.96,2.06,32.2,27.7,0.04,6.66,6.33,0.66,0.4,42.94,3.5,0.51,0.47,108,1.86,53.6,1.1,6.1,0.04,5.9,7.47,4.99,81.65,11.62,6.11,4,4.7,1804,51.3,12.35,4.95,6.2,0.1,34.94,73.82,81.52,11.13,30.94,3.68,5.92,0.67,0.04,98.69,1.31,99.7,0.32
184,1735,2,1700,6,283.35,0.18,41.5,0.94,1.74,0.32,3.3,0.03,0.14,0.1,85.11,14.89,94.3,5.75,0.09,5,0.18,0.26,0.06,3.1,0.03,42.8,11.42,18.3,14.28,16.42,88.87,94.19,0.11,0.09,38.89,61.11,65.4,34.62,0.48,8.23,1.2,502,1.2,2.18,32.7,28.7,0.02,2.89,5.81,0.62,0.61,49.48,4.17,0.32,0.26,140,2.58,53.8,1.16,5.3,0.02,3.23,8.35,6.84,77.11,9.04,3.97,1.64,7,2123,47.6,9.5,5.47,6.8,0.08,51.08,74.42,74.24,8,25.06,2.99,3.85,2.04,0.12,95.71,4.29,98.7,1.26
176,1610,2,1576,8,196.96,0.18,42,1.12,1.84,0.4,3.3,0.03,0.13,0.06,88.39,11.61,96.7,3.26,0.1,4,0.23,0.26,0.06,3,0.03,41.55,9.63,19.5,13.42,14,86.72,91.71,0.11,0.07,52.17,47.83,73.1,26.92,0.75,11.8,3.5,752,2.42,2.16,32.2,28.7,0.04,11.47,14.28,1.62,0.88,60.29,6.54,0.96,0.37,152,3.24,50.9,1.48,5,0.04,4.75,11.31,8.49,81.17,10.86,4.47,3.78,7,1854,57.2,6.06,4.31,5.4,0.08,42.23,64.79,70.4,4.54,14.85,2.27,3.55,0.94,0.03,98.36,1.64,99.5,0.5
161,1300,2,1268,7.03,180.35,0.15,44,0.88,1.99,0.36,3.1,0.04,0.1,0.05,88.64,11.36,97.5,2.51,0.06,4,0.11,0.1,0.03,2.8,0.04,49.93,8.25,11.82,4.75,7.09,84.9,92.08,0.06,0.05,45.45,54.55,50,50,0.71,8.98,2.1,664,2.54,1.58,32.3,28.9,0.02,13.08,10.26,2.04,0.56,63.5,6.56,0.34,0.23,160,2.78,51.2,1.25,5.3,0.04,7.17,12.36,11.19,91.1,12.29,6.02,3.45,2.8,2617,54.5,5.9,5.09,6.5,0.14,29.83,69.13,74.95,3.59,17.11,2.52,4.13,1.09,0.02,98,2,99.7,0.34
170,1242,2,1214,6.47,187.76,0.21,42.5,1.04,2.06,0.32,3.7,0.04,0.18,0.08,82.69,17.31,96.1,3.88,0.13,8,0.13,0.1,0.03,3.5,0.04,37.68,19.11,11.81,4.59,8.27,88.17,90.4,0.11,0.07,15.38,84.62,30,70,0.64,7.73,6.3,740,3,6.26,31.6,26.4,0.06,12.31,11.92,1.84,1.94,62.88,4.48,0.91,0.43,128,2.68,52,1.27,5.5,0.04,4.6,11.28,8.98,87.99,13.83,5.11,3.34,10.6,1633,57.6,8.1,3.44,6,0.16,45.42,57.69,77.37,5.49,15.02,2.23,5.35,1.09,0.04,98.11,1.89,99.5,0.49
169,1676,2,1638,8,204.77,0.16,52,1.07,1.81,0.35,2.9,0.09,0.11,0.06,89.72,10.28,96.7,3.31,0.06,6,0.14,0.21,0.04,2.6,0.08,36.51,10.82,12.39,10.98,11.09,83.87,92.52,0.07,0.05,50,50,76.2,23.81,0.69,11.31,2.55,661,2.46,2.26,31,28.6,0.04,11.32,8.7,1.59,0.86,61.14,6.73,0.34,0.23,102,1.58,50.9,0.9,5.9,0.08,4.25,5.58,4.24,80.74,7.38,5.77,2.81,4.2,2214,49.3,7.56,4.02,6,0.2,47.93,74.9,81.79,7.41,20.39,3.63,4.34,0.63,0.04,98.72,1.28,99.5,0.53
161,1651,2,1614,4.3,375.43,0.12,41,1.08,1.98,0.28,3,0.04,0.09,0.04,91.67,8.33,98,2.02,0.06,5,0.16,0.17,0.04,2.7,0.04,48.41,11.52,14.04,8.14,14.22,86.34,90.87,0.07,0.04,56.25,43.75,76.5,23.53,0.42,6.78,1.3,593,1.52,0.96,31.8,30.6,0.04,4.65,6.06,0.59,0.2,47.72,4.34,0.4,0.17,95,1.5,55.6,1.08,5.5,0.04,4.46,7.12,4.28,86.58,11.89,5.72,2.96,2.9,1800,50.9,5.85,4.26,6.2,0.14,42.48,75.3,81.09,5.08,26.18,3.6,5.77,0.79,0.03,98.45,1.55,99.5,0.51
167,1633,3,1590,7.47,212.98,0.16,44,1.24,1.9,0.31,3.2,0.12,0.16,0.07,87.1,12.9,96.3,3.68,0.09,4,0.18,0.26,0.05,2.9,0.12,53.37,8.51,13.75,12.96,14.06,87.24,95.92,0.1,0.09,44.44,55.56,65.4,34.62,0.51,8.04,1.3,621,1.56,1.66,32.4,27.2,0.04,4.12,7.05,0.64,0.44,52.87,4.37,0.17,0.31,142,2.68,51.4,1.28,5.7,0.06,5.78,9.51,6.44,80.64,12.31,5.4,1.51,3.3,1876,55.2,6.36,3.62,5.3,0.16,36.73,74.93,79.17,5.95,20.77,2.99,2.4,0.52,0.06,99.06,0.94,99.1,0.94
164,2088,2,2046,6.77,302.3,0.13,42,1.19,2.2,0.33,3.1,0.05,0.1,0.04,91.6,8.4,98.2,1.82,0.04,6,0.12,0.06,0.03,2.8,0.05,30.73,13.67,9.46,2.56,7.39,84.3,91.63,0.05,0.04,58.33,41.67,33.3,66.67,0.68,13.98,2.6,752,2.32,2.02,31.9,27.6,0.04,14.55,12.48,1.33,0.63,66.06,6.05,0.53,0.23,76,0.96,54.7,0.91,5.3,0.04,6.86,6.73,2.94,90.61,10.05,6.2,2.85,3.2,1513,56.2,7.47,2.98,5.9,0.14,47.86,67.12,86.26,6.2,16.49,3.46,4.99,0.52,0.02,99.07,0.93,99.7,0.27
172,1570,2,1536,7.67,200.4,0.15,39,1,1.84,0.28,2.9,0.02,0.15,0.1,85,15,94.6,5.43,0.09,4,0.17,0.22,0.05,2.6,0.02,66.78,10.12,16.2,11.39,17.83,87.11,83.67,0.08,0.06,52.94,47.06,72.7,27.27,0.45,6.96,0.5,601,2.18,2.36,32.5,28.4,0.02,1.76,7.22,0.99,0.58,52.94,4.52,0.4,0.16,148,2.7,52.8,1.34,5.4,0.04,3.58,11.3,7.77,82.55,13.87,5.46,5.05,2.6,1953,54.5,7.32,3.1,6,0.18,27.88,71.37,75.05,5.48,15.36,2.9,10.88,1.53,0.08,97.19,2.81,98.9,1.09
166,1610,2,1574,7,224.81,0.19,44.9,1.19,1.76,0.39,3.2,0.02,0.18,0.08,84.87,15.13,95.5,4.55,0.09,5,0.21,0.24,0.06,2.9,0.02,46.32,10.63,16.77,12.96,14.62,85.54,86.08,0.11,0.08,47.62,52.38,66.7,33.33,0.78,12.25,1.9,693,2.34,2.3,32.1,28.2,0.02,8.01,12.07,1.53,1.02,64.06,6.81,0.71,0.26,122,1.58,54.2,1.26,5.5,0.02,3.47,6.72,3.27,75.81,7.95,4.2,2.23,4.5,1822,53.9,10.38,3.01,6.4,0.14,42.2,70.58,78.43,10.21,13.36,3.44,10.98,1.08,0.04,98,2,99.6,0.39
163,1450,2,1417,6.83,207.3,0.17,47,1.26,1.69,0.38,3.2,0.06,0.14,0.04,88.89,11.11,97.6,2.37,0.1,5,0.13,0.21,0.04,2.9,0.04,51.48,9.67,9.8,11.8,10,85.8,88.39,0.07,0.03,46.15,53.85,85.7,14.29,0.53,7.54,1.1,460,0.9,0.84,32.9,30.2,0.04,3.17,4.99,0.38,0.26,46.09,5.01,0.5,0.21,125,2.36,55.2,1.35,5.3,0.06,2.79,6.23,4.59,79.97,8.7,4.04,3.42,3.8,1881,52,6.52,6.48,8,0.16,42.55,79.11,85.24,7.97,35.22,5.15,7.69,1.05,0.03,97.98,2.02,99.5,0.46
176,1702,2,1664,5,332.87,0.23,45.5,1.28,2.16,0.28,2.8,0.06,0.11,0.07,91.41,8.59,96.8,3.24,0.12,6,0.12,0.22,0.04,2.6,0.05,45.71,10.93,8.81,9.57,14.77,84.67,83.25,0.1,0.07,16.67,83.33,68.2,31.82,0.18,3.07,2.64,789,3.84,4.36,30.9,26.4,0.08,1.97,2.82,0.55,0.37,20.35,1.69,0.26,0.23,123,2.1,53.5,0.98,5,0.06,2.95,7.53,5.19,78.3,11.06,5.48,3.36,4.6,1534,41.3,9.59,5.69,8.9,0.28,49.37,78.72,85.45,11.76,53.82,8.17,13.13,0.69,0.04,98.33,1.67,99.6,0.42
169,1688,2,1646,5.33,308.6,0.18,37,0.86,1.74,0.29,3,0.04,0.15,0.09,82.56,17.44,94.8,5.17,0.08,8,0.14,0.26,0.07,2.8,0.03,46.56,20.41,15.59,14.31,24.44,89.67,91.47,0.13,0.08,7.14,92.86,69.2,30.77,0.23,3.78,2.6,977,5.1,4.26,33.2,22.8,0.01,3.63,5.97,1.36,0.56,26.28,1.75,0.07,0.29,150,2.42,52.2,1.86,5.6,0.04,4.69,10.64,7.5,79.91,17.08,4.99,3.39,5.6,1783,49,6.84,7.04,8.1,0.12,45.12,62.97,75.55,5.21,32.19,3.59,5.07,1.24,0.07,97.47,2.53,99,1.02
170,1681,2,1641,8,205.1,0.18,53,1.43,2.32,0.43,3.5,0.03,0.11,0.05,92.31,7.69,97.8,2.16,0.08,6,0.18,0.2,0.04,3.2,0.03,39.21,11.04,11.75,8.04,9.33,84.06,89.76,0.08,0.06,55.56,44.44,70,30,0.67,11.06,1.4,676,3.86,1.88,31.9,27.2,0.04,4.96,8.99,1.82,0.55,50.02,5.16,0.86,0.19,117,2.48,51.8,1.29,5.9,0.02,3.85,8.91,6.69,86.18,11.58,6.41,2.48,4.6,1675,53,5.64,5.81,7.2,0.1,51.98,71.07,79.74,5.23,29.07,4.36,6.9,0.69,0.03,98.7,1.3,99.5,0.53
169,1597,3,1546,6.33,244.04,0.19,50,1.22,2.27,0.4,3.4,0.04,0.09,0.05,92.62,7.38,97.8,2.2,0.1,10,0.12,0.21,0.07,3.2,0.04,47.56,17.32,9.24,8.69,16.68,86.52,93.41,0.12,0.09,0,100,57.1,42.86,0.63,9.77,1,580,2.18,1.34,32.8,28.4,0.02,3.2,6.76,1.13,0.37,51.86,5.17,0.31,0.24,114,1.82,55.4,1.13,5.2,0.02,4.34,7.51,5.33,87.22,10.1,5.35,1.78,4.9,2051,56.8,4.66,4.72,5.7,0.1,44.9,68.42,84.29,3.72,21.36,2.97,4.5,0.84,0.03,98.52,1.48,99.4,0.64
170,1765,2,1730,6.33,273.2,0.2,37,1.35,2.18,0.37,3.1,0.03,0.13,0.15,90.37,9.63,93.1,6.89,0.1,8,0.15,0.24,0.05,2.9,0.03,39.87,15.35,10.45,10.37,12.42,85.4,91.73,0.1,0.14,33.33,66.67,41.7,58.33,0.83,14.29,3.6,774,4.06,4.98,28,26.6,0.04,12.61,13.05,2.48,1.89,62.33,6.88,1.07,0.3,111,2.24,55.1,1.02,4.9,0.02,4.04,7.19,5.27,80.37,8.72,4.87,2.06,5.2,1600,56,8.14,3.11,4.6,0.08,43.48,64.4,81.8,7.38,16.53,2.84,5.13,1.47,0.08,97.38,2.63,99,0.98
176,1635,2,1598,8,199.7,0.19,38,1.13,1.97,0.32,3.5,0.03,0.2,0.13,82.3,17.7,93.4,6.6,0.08,8,0.13,0.21,0.06,3.3,0.03,42,18.8,10.9,10.1,18.3,88.6,91.4,0.14,0.12,-7.69,107.69,42.9,57.14,0.45,7.18,1.57,699,3.26,2.62,32.3,27.2,0.02,3.92,7.79,1.3,0.6,45.38,3.47,0.29,0.32,153,3.68,49.5,1.45,5.7,0.04,6,12.81,11,84.87,15.3,5.46,4.35,5.6,1580,56.1,5.66,4.34,5.7,0.08,48.08,60.62,76.82,4.45,20.99,2.5,3.98,0.75,0.04,98.66,1.34,99.3,0.71
172,1593,3,1552,8,194.05,0.17,40,0.86,1.64,0.27,2.9,0.03,0.14,0.1,83.72,16.28,93.9,6.1,0.1,6,0.1,0.2,0,2.7,0,43.8,14.3,11.1,9.9,17,88.1,94.3,0.1,0.1,0,100,41.2,58.82,0.39,6.05,2.1,585,2.58,3.04,31.4,27.5,0.02,4.69,5.69,1.17,0.72,45.35,3.66,0.26,0.22,160,3.1,51.5,1.12,5.6,0.02,3.3,10.47,9.45,82.33,10.88,5.01,1.72,5.9,1949,47.1,8.08,5.06,6.7,0.08,48.26,69.52,78.27,7.04,26.78,3.27,3.76,0.93,0.06,98.03,1.97,99.3,0.74
171,1589,2,1550,8,193.72,0.15,47,1.1,2,0.29,3,0.04,0.15,0.08,86.36,13.64,96,4,0.06,4,0.1,0.13,0.04,2.7,0.04,39.42,7.95,8.58,6.14,12.37,85.53,90.26,0.07,0.05,30,70,61.5,38.46,0.45,6.99,2.7,756,3.02,2.34,31.5,26.8,0.04,8.48,7.18,1.24,0.53,49,4.06,0.43,0.17,113,2.68,53.5,1.05,5.7,0.02,3.68,7.39,7.57,83.14,11.25,5.95,1.49,3.4,1799,44.4,9.96,3.88,6.5,0.16,48.43,77.49,82.61,10.19,27.38,4.46,7.83,0.89,0.04,98,2,99.6,0.4
169,1654,3,1612,8,201.52,0.23,41,1.18,2.23,0.29,3,0.06,0.15,0.08,87.29,12.71,96.4,3.59,0.11,6,0.12,0.18,0.04,2.8,0.06,40.77,13.65,9.59,7.61,12.35,86.6,92.86,0.08,0.05,33.33,66.67,72.2,27.78,0.46,7.46,3.03,541,2.48,2.68,32.7,27.4,0.02,5.51,6.04,0.97,0.56,52.18,4.16,0.15,0.33,93,1.92,55,0.94,5.2,0.04,4.53,7.83,5.68,86.05,11.31,5.95,2.29,7,1680,55.3,7.22,3.92,5.6,0.16,49.19,72.48,83.76,5.79,24.16,3.28,4.7,0.8,0.05,98.55,1.45,99.3,0.69
172,1574,2,1536,8,192.02,0.22,42,0.97,1.92,0.32,3.2,0.08,0.15,0.1,84.54,15.46,94.8,5.21,0.12,8,0.14,0.21,0.05,3,0.08,54.76,17.9,13.67,10.36,15.99,86.8,92.83,0.1,0.07,28.57,71.43,66.7,33.33,0.58,8.85,1.8,678,3.4,1.7,31.7,27.5,0.04,5,9.23,2.02,0.51,57.09,4.84,0.28,0.38,125,2.26,48.6,1.02,6.1,0.12,6.11,9.85,7.78,84.49,10.64,6.22,4.91,5.25,1977,55,6.6,3.86,5.2,0.12,34.13,63.02,76.53,4.64,16.28,2.14,1.98,1.71,0.06,96.89,3.11,99.1,0.91
164,1571,3,1529,8,191.1,0.18,37,0.94,1.94,0.29,2.9,0.06,0.15,0.07,84.04,15.96,96.4,3.61,0.06,5,0.15,0.17,0.05,2.7,0.06,33.19,13.31,15.16,8.33,16.05,87.15,94.36,0.12,0.07,20,80,58.8,41.18,0.41,6.33,2.35,631,2.6,1.64,31.4,28.9,0.04,5.67,7.32,1.15,0.35,44.86,4.07,0.27,0.16,100,1.76,56,0.97,4.8,0.04,2.62,7.88,5.27,81.22,9.41,4.59,1.86,5.7,1447,41.8,11.12,4.88,7,0.12,58.52,71.49,78.43,10.11,29.68,4.19,3.5,0.89,0.06,97.87,2.13,99.5,0.54
169,1564,2,1527,8,190.86,0.23,33.3,1.02,1.85,0.28,3.1,0.05,0.1,0.06,90.2,9.8,96.8,3.24,0.11,4,0.15,0.13,0.03,2.9,0.05,46.02,10.18,13.94,6.66,11.51,87.44,92.66,0.07,0.05,53.33,46.67,61.5,38.46,0.35,5.35,3.3,646,6.3,1.52,31.2,26.9,0.02,5.11,6.08,2.17,0.29,39.07,3,0.14,0.27,100,1.52,52.7,1.06,5.4,0.06,3.46,7.8,4.33,82.81,11,4.99,3.41,5.3,1457,41.8,9.76,5.54,7.4,0.1,45.41,75.94,79.56,10.24,38.41,4.57,3.8,0.77,0.07,98.16,1.84,99.3,0.72
168,1654,2,1615,8,201.89,0.2,36.16,1.08,2.1,0.31,3.1,0.05,0.15,0.07,86.11,13.89,96.7,3.33,0.08,4,0.16,0.19,0.04,2.9,0.05,37.33,9.72,14.01,8.55,10.98,86.66,92.98,0.08,0.07,50,50,63.2,36.84,0.56,9,2.3,732,4.7,2.24,31.4,27.6,0.04,6.33,10.48,2.42,0.59,56.43,4.86,0.44,0.16,90,1.6,55.6,0.97,5.3,0.04,2.5,7.33,4.7,83.93,9.92,5.31,2.49,6.3,1628,49.2,8.4,4.06,5.8,0.12,53.84,72.46,78.87,6.93,22.67,3.17,4.09,1.2,0.06,97.56,2.44,99.3,0.71
158,1300,3,1260,7.33,171.84,0.23,42,1.15,1.91,0.33,3,0.05,0.12,0.07,89.57,10.43,96.3,3.66,0.1,7,0.14,0.26,0.06,2.8,0.05,40.7,15.86,11.55,12.91,15.81,86.54,94.59,0.11,0.06,21.43,78.57,76.9,23.08,0.45,5.73,4.7,752,5.5,1.62,31.4,27.8,0.02,9.17,8.17,2.17,0.39,43.27,4.12,0.18,0.2,110,1.94,54,1.06,5.5,0.04,2.45,7.5,4.81,80.67,9.17,5.11,2.28,6,1548,50.6,6.22,5.66,7,0.08,47.68,68.47,81.47,6.03,31.76,4.22,2.95,1.48,0.08,97.08,2.92,98.7,1.29
168,1535,3,1493,8,186.61,0.22,38,1.12,1.75,0.28,3.1,0.14,0.1,0.04,91.07,8.93,97.7,2.29,0.11,5,0.15,0.3,0.05,2.9,0.14,48.98,12.88,12.76,16.34,17.02,88.76,95.37,0.08,0.05,46.67,53.33,83.3,16.67,0.55,8.25,4.3,742,10,4.12,28,23.2,0.06,11.11,11.09,4.94,1.3,55.3,4.12,0.24,0.39,149,2.26,52.3,1.26,5.4,0.08,4.32,9.54,4.78,70.82,10.66,4.11,1.35,4.3,1388,49,11.4,2.69,5.3,0.24,35.59,66.48,77.52,11.54,17.02,3.02,3.04,0.77,0.05,98.43,1.57,99.6,0.44
166,1525,2,1488,7.33,202.85,0.36,32,1.09,1.85,0.25,2.8,0.13,0.11,0.06,89.91,10.09,96.8,3.24,0.11,3,0.15,0.19,0.04,2.6,0.13,30.15,8.79,13.11,9.79,15.25,88,95.94,0.09,0.07,40,60,63.2,36.84,0.34,5.1,4.4,684,2.94,2.1,32.4,28.6,0.04,4.34,7.21,0.92,0.39,44.42,3.48,0.11,0.33,106,2.4,55.2,1.13,5.2,0.06,2.68,9.2,6.21,84.21,12.76,5.21,1.31,14.1,1570,56.1,6.7,4.45,6,0.22,62.84,74.8,79.75,5.61,27.58,3.3,2.64,1.23,0.04,97.81,2.19,99.4,0.6
166,1640,3,1598,7.67,208.44,0.31,29,1.08,1.75,0.28,2.6,0.1,0.08,0.04,92.59,7.41,97.7,2.29,0.08,3,0.1,0.12,0.03,2.4,0.1,32.08,7.96,8.8,6.52,10.53,85.76,93.6,0.05,0.04,50,50,66.7,33.33,0.43,6.87,2.1,493,1.26,1.06,33.2,29.8,0.02,3.8,5.91,0.5,0.26,50.94,4.81,0.08,0.15,73,1.12,57.7,0.87,5,0.04,1.62,5.2,2.65,84.24,7.94,4.8,1.01,7.7,1507,49.4,8.16,4.45,6.4,0.28,62.5,80.93,88.04,8.98,30.59,4.63,5.31,0.68,0.06,98.62,1.38,99.3,0.74
166,1416,2,1383,5.67,244.05,0.3,40,1.1,2.13,0.31,3.3,0.04,0.25,0.11,77.27,22.73,94.8,5.16,0.11,6,0.15,0.16,0.06,3.1,0.04,38.33,14.85,12.88,7.1,18.89,88.25,90.81,0.15,0.09,0,100,43.8,56.25,0.41,5.7,3.8,540,5.88,3.06,29.9,27.1,0.04,5.77,5.83,2.2,0.59,39.72,3.36,0.4,0.35,113,1.74,53.5,1.28,5,0.04,4.02,9.23,4.93,78.3,12.87,4.7,3,7,1332,43.8,14.86,4.4,6.1,0.12,51.87,70.1,79.99,14.01,28.51,3.69,5.79,1.26,0.08,97.12,2.88,99.5,0.54
167,1610,2,1575,8,196.93,0.16,31,0.99,1.94,0.22,2.8,0.05,0.14,0.08,85.86,14.14,95.9,4.12,0.08,5,0.1,0.16,0.03,2.7,0.06,39.49,12.42,9.59,7.83,12.08,88.32,91.73,0.08,0.07,20,80,56.3,43.75,0.33,5.27,2.76,676,6.7,3.06,30.1,25.9,0.04,4.8,5.92,2.26,0.53,45.77,2.99,0.22,0.23,95,1.46,55.3,1.01,4.9,0.06,3.54,7.35,4.36,84.26,13.57,4.99,2.86,5.6,1585,46.3,8,3.51,6,0.18,52.18,74.31,83.79,7.39,28.58,3.7,5.19,0.91,0.11,98.03,1.97,98.6,1.38
166,1550,3,1510,7.33,205.96,0.23,38,1,1.84,0.25,3,0.07,0.09,0.07,91,9,96.2,3.8,0.12,5,0.15,0.17,0.04,2.9,0.06,49.19,13.24,14.29,8.8,15.24,89.41,95.53,0.08,0.06,46.67,53.33,64.7,35.29,0.36,5.46,3.7,754,7.06,2.26,30.1,24.6,0.04,5.76,7.58,2.55,0.44,43.53,2.88,0.24,0.25,90,1.1,56.4,0.92,4.7,0.02,2.91,6.77,2.98,82.92,9.96,4.11,0.9,5.9,1569,48.3,8.68,4.71,6.7,0.12,42.14,72.41,80.18,7.83,31.28,3.6,3.33,0.85,0.08,98.24,1.76,99.1,0.92
162,1554,2,1519,8,189.87,0.19,43,1.11,1.86,0.29,3,0.06,0.18,0.11,83.78,16.22,94.1,5.91,0.06,6,0.08,0.21,0.02,2.8,0.05,35.05,12.88,6.84,10.71,6.54,87.61,91.84,0.1,0.08,-25,125,61.9,38.1,0.38,5.83,2.75,691,9,1.52,30.5,26.7,0.02,6.5,6.01,3.11,0.31,40.39,3.38,0.15,0.23,126,2.38,52.5,1.2,5.1,0.08,4.2,8.47,6.37,83.8,12.29,4.99,4.6,5,1821,52.7,5.46,6.71,6.9,0.1,54.25,72.64,83.68,5.17,40.78,4.01,3.41,1.64,0.08,96.89,3.11,98.5,1.47
165,1495,3,1457,8,182.1,0.2,33,0.95,1.85,0.28,3.1,0.04,0.1,0.06,89.47,10.53,96.8,3.24,0.1,4,0.11,0.2,0.03,2.9,0.04,37.99,10.77,11.02,10.28,10.19,88.16,95.51,0.09,0.07,18.18,81.82,65,35,0.42,6.05,4.35,738,5.3,2.28,31.9,27.4,0.02,7.21,8.67,2.32,0.51,47.29,3.63,0.21,0.35,132,2.5,50.8,1.38,5.4,0.02,4.32,11.55,8.14,84.91,15.24,5.34,1.55,9.3,1794,54.9,5.84,5.62,6.6,0.08,50.47,69,78.53,4.29,27.28,2.87,2.73,0.97,0.06,98.23,1.77,99,1.03
167,1626,2,1589,8,198.65,0.25,39,1.1,1.86,0.27,3.2,0.06,0.15,0.1,86.36,13.64,94.6,5.38,0.09,5,0.07,0.18,0.03,3,0.06,29.81,10.53,6.03,9.17,11.23,88.06,93.29,0.06,0.06,14.29,85.71,66.7,33.33,0.45,7.17,5.1,821,10,4.82,29,27.1,0.04,8.04,8.23,4.1,1.17,48.44,3.79,0.3,0.3,127,1.92,49.6,1.42,5.6,0.06,3.27,8.8,5.44,83.1,16.39,5.41,3.07,9.9,1915,54.6,7.18,3.8,5.2,0.12,58.88,72.43,84.43,6.57,23.94,2.74,3.35,1.24,0.05,97.73,2.27,99.3,0.7
169,312,2,305,6,50.85,0.34,44,1.15,1.95,0.32,3.6,0.04,0.19,0.08,83.48,16.52,95.9,4.1,0.19,6,0.15,0.23,0.04,3.4,0.04,52.56,14.18,12.34,11.16,12.68,88.81,90.96,0.14,0.11,6.67,93.33,52.2,47.83,0.55,1.67,8.1,773,5.7,7.42,29.3,24.2,0.04,12.99,10.59,2.72,2.09,50.08,3.66,0.53,0.62,199,3.24,49.1,1.79,5.6,0.06,5.76,15.79,8.95,79.99,17.71,4.91,4.58,6,1454,53.4,8.06,3.83,5.8,0.1,28.7,59.43,75.99,6.76,19.52,2.62,3.93,1.2,0.07,97.75,2.25,99.1,0.87
163,1115,2,1093,7,156.19,0.16,36,0.89,1.51,0.26,2.9,0.03,0.1,0.07,88.76,11.24,95.4,4.64,0.07,7,0.14,0.2,0.04,2.8,0.03,47.42,18.36,15.07,12.69,15.11,88.78,92.25,0.08,0.04,42.86,57.14,80,20,0.49,5.37,5.3,809,8.26,6.66,26,24.1,0.06,18.41,10.88,4.56,2.17,49.13,3.92,0.95,0.33,212,4.66,46.8,1.84,6.2,0.04,6.12,15.22,13.73,81.29,18.56,5.38,3.37,3.7,1892,55.3,5.42,4.17,5.4,0.1,28.05,55.54,66.64,3.85,17.2,1.92,3.44,1.27,0.04,97.7,2.3,99.3,0.74
165,1681,2,1640,5.33,307.42,0.15,29,0.67,1.23,0.15,2.7,0.06,0.13,0.07,80.6,19.4,94.3,5.69,0.06,6,0.14,0.21,0.03,2.5,0.05,40.95,18.47,20.22,16.52,20.64,90.6,89.9,0.08,0.06,42.86,57.14,71.4,28.57,0.16,2.59,13.7,1016,15.2,4.92,26.5,21.7,0.04,15.28,5.11,3.59,0.63,27.93,1.29,0.12,0.46,158,2.82,44.3,1.47,7.2,0.18,7,10.84,9.08,77.67,21.13,5.82,7.21,5.6,2213,48.3,6.84,4.88,6.6,0.16,36.78,65.57,67.12,5.18,30.29,2.3,2.77,1.01,0.07,97.91,2.09,99,1.02
164,1606,2,1569,7.33,213.92,0.24,42,0.96,1.42,0.28,2.9,0.05,0.11,0.07,88.54,11.46,95.1,4.93,0.13,6,0.17,0.22,0.02,2.8,0.05,50.16,13.23,16.98,14.86,7.88,88.8,93.64,0.08,0.06,52.94,47.06,72.7,27.27,0.56,8.77,4.55,789,3.48,2.86,31.9,26,0.06,10.23,10.14,2.03,1.13,63.7,4.81,0.66,0.46,142,2.42,51.4,1.55,5.6,0.06,4.05,7.14,5.52,79.2,12.11,4.05,2.56,6.6,2257,54.1,5.1,3.41,5.3,0.12,35.56,69.49,75.47,4.81,16.31,2.35,3.14,1.13,0.06,97.91,2.09,98.8,1.18
187,1601,2,1562,7.33,212.96,0.2,31,0.74,1.67,0.24,3,0.03,0.13,0.1,82.43,17.57,94,5.99,0.12,5,0.08,0.22,0.04,2.9,0.03,56.67,12.34,10.37,12.64,15.19,89.94,94.07,0.09,0.07,-12.5,112.5,68.2,31.82,0.49,7.65,6.9,866,6.68,4.04,28.6,26.6,0.04,16.64,10.92,4.42,1.19,58.4,4.21,0.64,0.35,177,4.7,53.2,1.31,5,0.02,4.54,12,16.75,83.99,14.39,4.26,1.72,4.95,2768,55.7,4,3.17,5.4,0.12,22.15,64.74,68.46,2.18,12.01,1.59,3.57,1.35,0.03,97.58,2.42,99.3,0.75
172,1428,2,1393,5,278.6,0.14,39,0.84,2.18,0.27,2.7,0.04,0.15,0.1,82.14,17.86,95.4,4.59,0.06,3,0.11,0.1,0.03,2.6,0.04,39.13,6.63,12.39,4.34,9.46,86.74,94.93,0.07,0.07,36.36,63.64,30,70,0.52,7.24,6.3,901,6.1,2.42,32.7,25.6,0.02,22.58,10.94,3.78,0.58,62.97,4.69,0.26,0.1,145,2.38,54.8,1.16,5,0.02,2.54,12.47,10.44,92.6,15.83,6.49,1.85,4.4,2542,52.3,4.6,2.69,5,0.1,35.75,69.97,73.4,2.49,11.74,2.08,2.96,1.3,0.04,97.51,2.49,99.1,0.87
161,1655,2,1622,8,202.69,0.14,29,0.77,1.7,0.16,2.5,0.03,0.11,0.05,85.71,14.29,97.1,2.94,0.06,4,0.14,0.21,0.04,2.4,0.03,45.8,14.3,17.5,11.9,24.7,90.6,95.5,0.07,0.05,50,50,76.2,23.81,0.13,2.07,8.8,822,2.94,5.26,30.3,26.9,0.02,8.92,3.91,0.49,0.4,24.22,1.35,0.08,0.2,94,2.58,54.4,1.02,5.5,0.02,4.19,9.25,8.86,84.65,16.86,5.71,1.75,5.15,1934,55.9,5.18,5.44,5.9,0.08,41.13,72.51,73.15,3.07,34.26,2.33,2.67,1.12,0.04,98,2,99.2,0.77
166,1651,2,1620,8,202.49,0.21,32,0.78,1.65,0.22,2.8,0.02,0.11,0.05,85.9,14.1,97,3.03,0.11,6,0.1,0.2,0.06,2.6,0.02,53.9,18.7,12.3,11.6,27,90,89.1,0.1,0.06,0,100,70,30,0.27,4.4,3.35,650,1.78,9.74,26.6,25.1,0.04,4.65,5.73,0.62,1.6,32.87,2.46,0.5,0.27,105,2.16,53.1,1.11,5.4,0.04,3.45,8.52,6.93,80.54,12.63,4.87,4.65,6,1666,50.3,8.26,4.86,6,0.1,38.04,67.1,80.14,6.22,27.45,2.69,5.77,1.3,0.07,97.42,2.58,99.2,0.85
165,790,2,775,7,110.65,0.18,37,0.8,1.85,0.23,2.8,0.03,0.11,0.05,86.25,13.75,97.3,2.7,0.1,5,0.1,0.1,0,2.5,0,39.7,13,9.5,5.1,17.8,86.2,91.8,0.06,0.04,25,75,60,40,0.46,3.54,3.9,776,8.22,5.88,23.9,24.3,0.06,10.62,9.68,4.69,1.45,47.45,4.02,0.88,0.26,99,1.78,52.5,0.85,5.9,0.02,4.71,8.2,6.75,86.12,11.21,6.49,1.95,5.4,1814,45.3,9.66,3.88,6.5,0.12,44.96,69.14,79.04,7.29,23.55,3.29,5.39,0.76,0.07,98.32,1.68,99.3,0.72
171,1507,2,1477,8,184.63,0.14,31,0.88,1.81,0.18,2.9,0.03,0.08,0.05,90.91,9.09,97.2,2.76,0.07,4,0.11,0.13,0.05,2.7,0.03,47.28,10.96,11.94,6.86,24.41,89.05,89.31,0.08,0.06,27.27,72.73,53.8,46.15,0.15,2.18,4.45,783,2.9,2.76,32,29,0.02,4.64,3.31,0.49,0.22,26.19,1.48,0.09,0.26,139,2.28,53.1,0.99,6.3,0.06,5.51,11.94,7.76,87.84,16.47,6.51,5.6,4.5,1923,52.5,6.86,4.43,6.4,0.12,42.57,73.79,79.82,5.07,32.93,2.96,5,0.89,0.09,98.3,1.7,98.7,1.31
190,1555,2,1525,8,190.68,0.21,38,0.9,1.65,0.19,2.8,0.03,0.06,0.04,93.33,6.67,97.6,2.42,0.08,6,0.1,0.18,0.03,2.5,0.03,37.49,15.5,10.62,10.42,17.1,86.12,87.54,0.05,0.04,50,50,77.8,22.22,0.23,3.49,8.25,967,5.84,5.72,29.5,25.9,0.04,9.25,5.97,1.48,0.79,35.49,2.13,0.28,0.54,107,2.02,49.1,0.93,8.2,0.08,7.19,7.85,6.09,80.78,13.29,8.03,6.63,6.2,1726,48.6,8.72,4.28,6.8,0.12,46.07,70.68,81.81,8.01,34.13,3.71,5.55,0.76,0.06,98.44,1.56,99.3,0.69
187,1600,2,1568,8,196.02,0.17,38,1.01,1.98,0.21,3,0.02,0.08,0.05,92.08,7.92,97.5,2.53,0.05,8,0.1,0.17,0.05,2.7,0.02,25.03,18.88,9.37,8.13,21.63,86.22,77.98,0.07,0.05,30,70,70.6,29.41,0.15,2.28,3,645,3.1,2.76,31.5,27.1,0.02,2.31,2.34,0.45,0.2,21.82,1.33,0.14,0.48,138,2.6,47.8,1.06,7.2,0.08,8.95,12.12,9.07,85.06,17.78,8.56,13.66,7.1,1576,48.3,7.72,4.8,6.8,0.1,63.71,66.66,81.11,6.61,38.77,3.89,8.22,0.64,0.05,98.67,1.33,99.4,0.65
162,1548,2,1519,8,189.87,0.14,36,0.86,1.82,0.21,2.9,0.03,0.08,0.06,90.7,9.3,96.7,3.3,0.05,4,0.06,0.12,0.02,2.7,0.03,35.49,11.59,6.65,6.28,10.89,88.27,89.9,0.06,0.05,0,100,58.3,41.67,0.39,5.91,1.7,672,5,2.42,31.4,28.6,0.02,4.92,7.95,2.26,0.52,58.14,3.82,0.24,0.26,110,1.86,53.1,0.83,5.2,0.04,5.74,9.92,6.41,86.5,11.72,5.29,3.73,5.2,1669,52.4,8.78,2.91,5.5,0.14,53.85,70.55,84.68,6.7,19.26,2.62,6.12,1,0.05,98.09,1.91,99.4,0.57
163,1600,2,1570,8,196.23,0.13,42,1.32,2.38,0.21,2.7,0.02,0.08,0.03,93.94,6.06,98.7,1.26,0.03,3,0.13,0.2,0.02,2.4,0.02,31.95,6.92,9.23,7.87,9.81,82.93,83.88,0.05,0.03,61.54,38.46,85,15,0.36,5.59,0.81,667,1.56,1.84,31.2,29.6,0.02,3.28,5.85,0.42,0.28,52.92,3.89,0.32,0.23,79,1.6,50.8,0.74,6.5,0.04,10.63,7.9,4.93,86.73,14.32,9.74,7.28,2.5,1692,59.2,6.4,2.53,4.9,0.1,54.14,79.33,85.43,5.12,22.95,3.44,8.53,0.76,0.03,98.72,1.28,99.5,0.47
172,1649,2,1619,8,202.37,0.18,46,1.13,1.84,0.26,3.3,0.03,0.08,0.08,92.92,7.08,95.7,4.35,0.09,8,0.15,0.16,0.04,3.1,0.02,52.5,17.43,12.61,8.26,13.89,87.99,87.48,0.07,0.06,53.33,46.67,62.5,37.5,0.61,9.86,1.7,823,8.6,2.62,29.2,27.8,0.02,6.36,11.5,4.64,0.87,68.43,5.06,0.56,0.13,121,2.98,53.6,0.83,5.6,0.02,2.33,8.12,7.72,85.23,9.34,4.89,2.69,4.4,1911,59,7.22,1.51,4.8,0.14,38.81,62.96,75.03,5.64,8.35,2.06,9.26,0.75,0.02,98.73,1.27,99.7,0.28
161,1654,2,1621,7.33,221.02,0.32,51,1.1,2.13,0.26,3.4,0.02,0.15,0.1,86.36,13.64,95.3,4.69,0.15,5,0.19,0.17,0.07,3.2,0.02,55.77,10.37,16.3,7.53,23.96,87.29,85.59,0.14,0.11,26.32,73.68,35.3,64.71,0.32,5.14,1.5,569,1.7,4,29.4,27.1,0.04,1.87,3.97,0.49,0.6,35.88,2.48,0.58,0.24,174,2.8,50.7,1.07,5.9,0.02,3.12,12.61,8.39,78.47,13.57,5.62,2.99,5,1668,41.3,14.32,3.47,8,0.12,39.24,73.05,74.81,13.4,26.59,4.61,10.84,0.98,0.07,97.63,2.37,99.5,0.49
167,1600,2,1569,6.33,247.74,0.21,47,1.22,2.2,0.29,3.3,0.03,0.08,0.05,93.44,6.56,97.7,2.27,0.03,4,0.14,0.16,0.04,3,0.02,19.21,8.03,10.81,6.85,13,87.59,90.6,0.07,0.04,50,50,75,25,0.2,3.12,5.2,1291,2.72,7.5,32.5,23.5,0.02,7.03,5.47,0.44,0.68,22.28,1.45,0.19,0.18,155,2.68,53.7,1.08,5.2,0.02,4.36,11.78,7.84,87.08,13.29,5.75,3.43,5.1,1752,49.3,5.92,7.45,8.4,0.06,69.4,74.72,80.91,5.39,51.43,5.21,5.78,1,0.03,97.97,2.03,99.5,0.51
165,1594,3,1554,8,194.25,0.26,39,0.89,1.74,0.23,3.2,0.03,0.09,0.08,89.89,10.11,95.4,4.6,0.17,13,0.24,0.25,0.09,3.1,0.03,62.39,29.81,25.87,13.79,37.96,90.88,92.6,0.08,0.12,66.67,33.33,52,48,0.23,3.58,2.9,738,9.5,3.08,29.5,26.7,0.02,2.56,4.07,2.46,0.41,29.59,1.88,0.15,0.27,173,2.44,52.7,1.28,5.6,0.04,2.7,10.8,7.16,79.08,14.53,4.47,3.36,7,1915,47.5,9.68,3.41,7.5,0.1,32.36,55.32,64.51,6.72,17.92,2.77,3.89,1.1,0.05,97.68,2.32,99.5,0.52
169,1677,2,1640,8,204.94,0.19,30,1.12,2.19,0.14,2.5,0.03,0.12,0.08,89.29,10.71,96.3,3.65,0.05,3,0.13,0.26,0.02,2.2,0.03,19.65,9.68,11.01,11.26,12.19,85.67,88.88,0.08,0.07,38.46,61.54,73.1,26.92,0.19,3.14,17.3,1075,17.3,3.75,24.9,21.5,0.08,13.71,7,2.96,0.33,34.03,1.69,0.48,0.29,116,4.26,50.5,1.13,6.6,0.04,4.26,13.99,13.48,81.75,28.62,9.61,4.43,10.6,1435,57.2,10.27,2.48,5.2,0.14,62.38,69.34,72.55,6.66,25.16,3.03,6.21,0.87,0.04,98.48,1.52,99.6,0.39
176,1306,2,1277,7.67,166.6,0.22,42,0.98,1.78,0.26,3.6,0.03,0.17,0.07,82.65,17.35,96.1,3.93,0.12,7,0.14,0.23,0.05,3.3,0.03,46.27,16.39,13.6,12.31,18.31,89.02,88.8,0.12,0.07,14.29,85.71,69.6,30.43,0.29,3.64,6.3,875,2.42,5.04,29.7,23.7,0.02,7.27,6.14,0.7,0.81,32.58,1.91,0.18,0.39,225,5.7,47.4,1.57,6.4,0.06,4.83,16.91,17.78,81.38,18.45,5.54,5.7,7.2,1725,46.6,6.86,5.58,8.7,0.12,41.63,60.57,67.92,5.5,30.65,3.52,5.33,0.81,0.05,98.26,1.74,99.3,0.73
167,1654,2,1616,8,201.99,0.18,39,1.01,1.94,0.22,3.2,0.04,0.12,0.13,88.12,11.88,93.3,6.7,0.1,4,0.14,0.21,0.04,3,0.03,47.45,9.67,13.16,10.28,16.4,87.24,85.98,0.08,0.05,42.86,57.14,76.2,23.81,0.36,5.76,3.7,804,1.94,1.8,31.5,26.1,0.02,6.59,7.3,0.68,0.33,51.05,2.85,0.22,0.55,123,2.46,49.9,1.2,7.5,0.08,9.15,10.43,8.11,85.66,18.16,7.65,8.04,5.4,2092,57.8,5.31,2.32,5.4,0.14,36.8,72.61,78.04,3.73,14.38,2.26,5.76,0.86,0.03,98.51,1.49,99.4,0.56
162,1614,0,1583,8,197.87,0.19,46,1.05,1.71,0.29,3,0.03,0.08,0.07,92.38,7.62,95.9,4.09,0.07,6,0.08,0.17,0.05,2.6,0.02,27.14,12.6,7.24,9.44,17.68,85.7,82.82,0.07,0.07,12.5,87.5,58.8,41.18,0.38,6.08,1.7,529,2.6,4.95,30.5,25.7,0.02,2.67,4.49,0.95,1.11,40.39,3.43,0.33,0.37,176,3.38,48.4,1.28,6,0.04,4.01,10.32,8.53,75.04,11.7,5.52,4.62,8.1,1640,43.7,12.31,4.38,7.7,0.14,66.18,72.58,83.28,14.4,30.22,5.35,12.22,1.11,0.05,97.46,2.54,99.6,0.41
160,1704,2,1664,6.67,249.59,0.35,36,0.99,1.8,0.21,3.3,0.04,0.33,0.15,66.67,33.33,91.7,8.33,0.21,9,0.31,0.49,0.08,3.1,0.04,63.86,23.69,30.12,26.18,36.18,91.76,91.8,0.19,0.11,38.71,61.29,77.6,22.45,0.23,3.9,4.7,683,2.08,13.74,26.8,22.9,0.04,3.48,4.38,0.49,1.79,29.88,1.65,0.22,0.38,143,1.92,48.5,1.17,5.6,0.06,2.51,8.18,4.06,56.34,11.65,3.6,2.99,6.4,1563,43.4,18.95,3.14,6.5,0.14,30.15,63.75,65.33,15.69,22.28,2.98,4.98,0.74,0.03,98.29,1.71,99.8,0.16
170,1680,2,1644,6.67,246.54,0.2,45.3,1.21,2.43,0.23,2.9,0.05,0.11,0.05,90.91,9.09,97.9,2.06,0.07,6,0.16,0.26,0.03,2.6,0.04,31.24,13.74,12.44,10.06,12.68,85.1,84.5,0.09,0.06,43.75,56.25,76.9,23.08,0.31,5.05,5.7,817,4.32,3.3,32.3,26.3,0.04,8.31,6.12,1.1,0.42,43.18,2.81,0.28,0.58,78,1.88,54.9,0.67,6.1,0.06,10.31,7.11,5.82,84.63,10.91,7.95,5.05,5.6,1589,51.7,6.3,4.05,6.3,0.24,50.14,73.03,80.64,4.89,33.24,4.14,10.17,0.83,0.03,98.39,1.61,99.5,0.48
167,1625,2,1593,8,199.08,0.19,37,1.09,1.97,0.22,3,0.03,0.11,0.07,89.91,10.09,96.4,3.55,0.04,6,0.15,0.22,0.05,2.7,0.03,19.81,16.58,13.04,10.58,19.38,86.71,85.93,0.09,0.05,40,60,77.3,22.73,0.25,3.95,1.85,554,3.62,2.12,31.5,26.3,0.02,2.4,4.01,0.82,0.27,35.5,2.21,0.15,0.29,108,1.5,48.6,1.22,6.9,0.08,5.22,10.84,4.74,84.95,19.1,8.05,8.33,9,1524,57.5,5.36,3.71,5.8,0.12,72.57,68.57,81.4,4.2,26.02,3.03,5.6,0.8,0.02,98.61,1.39,99.6,0.37
170,1600,2,1569,8,196.07,0.17,41,1.24,2,0.22,3,0.04,0.1,0.07,91.94,8.06,96.5,3.5,0.07,5,0.13,0.17,0.03,2.8,0.03,40.77,11.9,9.88,8.01,11.14,85.53,84.95,0.07,0.05,46.15,53.85,70.6,29.41,0.37,5.82,3.15,935,13.4,2.44,25.1,23.6,0.06,7.22,8.76,4.01,0.45,42.34,2.84,0.67,0.26,106,2.24,49.5,0.93,5.7,0.06,5.49,9.14,6.17,84.57,14.44,6.31,6.16,3.85,1422,50.7,7.13,3.61,8.4,0.14,46.51,70.2,79.94,6.97,32.08,5.32,8.22,0.49,0.02,99.03,0.97,99.7,0.28
176,1543,2,1514,7.33,206.46,0.19,40,1.35,2.14,0.24,3.1,0.03,0.08,0.03,94.07,5.93,98.6,1.4,0.09,4,0.14,0.2,0.04,2.8,0.03,44.72,9.76,9.76,8.8,14.52,86.37,89.3,0.07,0.04,50,50,80,20,0.36,5.5,2.7,710,3.86,2.21,32,26.6,0.02,5.17,6.68,1.04,0.37,48.41,3.16,0.23,0.25,118,3.34,50.3,1,5.9,0.04,4.76,11.05,8.94,84.9,15.05,6.98,4.57,4.6,1497,58,6.79,2.83,5.7,0.1,45.35,72.5,80.26,5.93,22.03,3.49,5.91,0.47,0.02,99.19,0.81,99.7,0.29
176,1683,2,1648,8,205.94,0.16,36,1.1,2.02,0.19,2.9,0.05,0.1,0.06,90.91,9.09,97,2.97,0.09,7,0.12,0.14,0.03,2.6,0.04,55.64,19.77,10.32,6.56,14.76,85.94,85.38,0.08,0.06,33.33,66.67,57.1,42.86,0.32,5.31,1.55,666,1.82,1.6,31.5,25.8,0.04,3.26,6.4,0.53,0.26,54.56,2.9,0.29,0.28,103,1.78,51.7,0.81,6.8,0.1,6.21,10.43,5.49,86.89,14.78,8.06,7.66,3.25,1293,56,7.74,1.8,5.4,0.18,34.89,63.4,83.65,6.3,15.9,3.1,6.67,0.41,0.01,99.27,0.73,99.9,0.13
171,1605,2,1577,8,197.17,0.2,33,1,1.93,0.19,2.6,0.06,0.1,0.08,90,10,95.9,4.15,0.09,6,0.18,0.19,0.04,2.4,0.05,48,16.04,17.12,9.36,19.52,85.97,85.11,0.1,0.1,44.44,55.56,47.4,52.63,0.25,3.99,5.05,746,6.24,3.86,30.1,26.7,0.06,7.16,5.3,1.58,0.51,40.05,2.54,0.27,0.41,141,2.76,49.5,1.18,6.7,0.1,7.28,12.55,8.74,81.21,19.66,7.99,5.67,4.55,1598,49.3,11.7,2.68,6.3,0.34,37.56,66.11,72.56,8.92,20.76,3.49,8.96,0.81,0.03,98.36,1.64,99.7,0.26
169,1630,2,1597,8,199.63,0.15,46,0.9,1.86,0.29,3,0.03,0.13,0.08,85.56,14.44,95.7,4.3,0.06,10,0.14,0.25,0.04,2.8,0.03,38.07,20.14,14.79,12.78,13.11,86.68,87.58,0.1,0.08,28.57,71.43,68,32,0.46,7.29,1.9,583,2.34,1.94,33.2,27.2,0.02,5.79,5.64,1.19,0.48,52.29,4.05,0.28,0.29,135,1.74,50.5,1.12,5.6,0.04,5.69,8.4,5.68,79.8,11.35,5.36,3.61,4.9,2014,45.7,8.38,4.37,7.8,0.18,50.45,65.82,78.34,6.95,23.25,3.92,8.53,1.03,0.06,97.75,2.25,99.3,0.72
168,653,2,639,6.67,95.84,0.28,39,0.92,2.04,0.26,3.4,0.04,0.4,0.23,56.52,43.48,88.7,11.27,0.19,6,0.2,0.27,0.03,3.3,0.04,57.43,13.11,20.69,12.6,11.35,89.67,93.41,0.25,0.19,-25,125,29.6,70.37,0.39,2.46,1.7,526,2.14,2.64,33,27.6,0.01,2.08,4.65,0.9,0.5,48.91,3.04,0.09,0.3,266,3.48,51,1.65,5.5,0.04,3.2,20.49,12.69,83.9,21.3,5.27,3.29,10.8,2474,55.6,5.64,4.41,6.5,0.12,37.3,61.75,65.72,3.01,18.44,2.02,3.2,0.99,0.05,98.22,1.78,99.1,0.89
176,1615,2,1589,6.67,238.3,0.19,51,1.14,2.24,0.28,3,0.03,0.09,0.05,92.11,7.89,97.8,2.23,0.07,6,0.11,0.15,0.03,2.8,0.03,35.22,12.15,9.08,6.3,9.41,85.17,86.3,0.05,0.05,54.55,45.45,66.7,33.33,0.49,7.78,1.7,718,4.66,2.04,32.2,26.4,0.02,4.45,7.57,2,0.45,56.29,4.18,0.3,0.23,123,2.74,53.2,0.82,5.5,0.04,4.46,9.59,8.71,86.04,10.61,6.44,4.43,5.7,1792,49.9,8.82,3.62,7.1,0.16,55.87,70.69,80.22,7.22,23.69,4.21,8.97,0.54,0.03,98.92,1.08,99.7,0.34
172,1525,2,1494,8,186.79,0.19,37,1.03,1.88,0.2,3.1,0.03,0.17,0.11,83.5,16.5,94.1,5.85,0.06,7,0.16,0.15,0.04,2.9,0.03,33.9,17.2,14.7,7.6,18,87.9,87.5,0.12,0.09,25,75,40,60,0.29,4.28,4.7,936,9.3,3.64,29.9,25.6,0.04,8.02,6.95,2.59,0.55,42.83,2.34,0.35,0.38,101,1.54,48.3,0.78,6.4,0.06,7.31,8.46,4.83,82.98,12.6,6.61,5.96,5.1,1556,48,10.02,3.18,5.9,0.12,50.77,67.39,77.86,8.9,26.56,3.15,6.17,0.78,0.07,98.38,1.63,99.3,0.7
170,1589,2,1554,8,194.23,0.16,40,1.07,1.8,0.25,2.9,0.03,0.1,0.09,90.65,9.35,95,5,0.1,6,0.2,0.2,0,2.7,0,46.3,14.4,14.2,10,16,87.9,90.7,0.17,0.1,-6.25,106.25,47.4,52.63,0.34,5.35,3.4,657,2.86,2.02,33.4,26.8,0.02,8.13,5.71,0.92,0.39,45.96,3.16,0.22,0.22,137,2.42,51.5,1.08,5.7,0.04,4.41,9.99,6.52,82.52,12.46,5.63,3.67,3.5,1632,49.5,7.5,3.78,5.8,0.1,41.2,69.87,78.34,7.06,25.6,3.36,5.39,1.16,0.06,97.66,2.34,99.2,0.8
168,1575,2,1541,8,192.68,0.15,42,1,1.93,0.22,2.9,0.04,0.13,0.07,87,13,96.4,3.63,0.07,5,0.1,0.18,0.04,2.6,0.03,43,11.38,9.47,8.83,15.92,86.14,88.31,0.09,0.06,10,90,66.7,33.33,0.31,4.71,2.3,779,6.86,2.8,29.3,26.5,0.04,4.56,5.72,2.1,0.44,40.7,2.83,0.38,0.34,119,1.92,46.9,1.04,6.4,0.06,7.75,10.05,6.75,85.37,16.61,7.87,6.56,4.5,1980,53.4,6.76,3.85,5.9,0.1,44.68,72.84,81.69,5.36,26.77,3.16,4.76,1.23,0.04,97.7,2.3,99.4,0.59
162,1603,2,1566,8,195.74,0.17,40,0.99,1.91,0.26,2.9,0.03,0.12,0.07,87.88,12.12,96.3,3.66,0.07,7,0.17,0.29,0.04,2.6,0.03,38.3,17.03,16.34,14.45,12.81,87.27,93.92,0.1,0.09,41.18,58.82,69,31.03,0.56,8.83,3.7,864,9.3,2.78,28.3,25.6,0.04,11.99,12.45,5.3,0.82,61.37,5.09,0.74,0.24,127,2.04,50.9,0.97,5.1,0.02,4.13,9.72,6.17,79.75,11.16,5.38,1.97,6.2,1860,55.9,7.44,2.98,5,0.08,45.58,60.8,72.2,4.98,14.65,2.25,3.37,0.89,0.03,98.41,1.59,99.6,0.4
170,1639,2,1601,8,200.16,0.1,32,0.91,2.37,0.19,3.3,0.07,0.11,0.1,87.91,12.09,95.8,4.22,0.06,5,0.16,0.29,0.03,3,0.07,52.36,14.95,16.63,11.57,16.92,87.79,93.24,0.11,0.1,31.25,68.75,65.5,34.48,0.28,4.47,3,725,2.54,3.42,31.9,28.4,0.06,7.72,6.39,0.78,0.4,46.83,2.45,0.24,0.22,92,1.56,50.8,0.79,6.5,0.08,7.84,11.23,6.62,82.77,16.06,7.77,4.35,2.7,1657,53.7,9.68,2.98,5,0.12,32.08,67.43,75.97,5.26,20.19,1.99,2.18,0.79,0.03,98.53,1.47,99.7,0.31
168,1501,2,1468,8,183.47,0.1,34,0.81,2.09,0.24,3,0.03,0.07,0.06,91.36,8.64,97.1,2.87,0.04,7,0.13,0.24,0.04,2.7,0.03,40.84,19.85,15.24,10.9,13.85,85.94,90.26,0.11,0.1,15.38,84.62,58.3,41.67,0.32,4.76,1.2,603,1.62,2.14,32.7,29.3,0.04,4.18,5.84,0.65,0.33,44.18,3.18,0.41,0.22,97,1.44,51.3,0.91,6.8,0.04,8.02,9.82,6.03,83.24,12.86,7.73,4.3,3.3,1632,47.8,8.72,5.28,7.1,0.12,46.95,64.49,78.08,5.52,29.11,3.15,5.03,0.88,0.03,98.16,1.84,99.7,0.34
169,1600,2,1566,6,260.94,0.13,29,0.72,1.79,0.21,3.1,0.03,0.07,0.05,90.28,9.72,97.2,2.79,0.07,5,0.12,0.2,0.03,2.9,0.03,58.71,16.6,15.94,10.69,15.48,88.95,93.71,0.05,0.05,58.33,41.67,75,25,0.28,4.36,0.81,495,1.28,1.14,32.8,28.2,0.02,1.98,4.79,0.5,0.18,43.51,2.52,0.18,0.2,98,1.78,52.2,0.91,6.4,0.04,5.08,9.86,7.16,84.48,12.55,5.95,3.78,3.3,1674,46.5,7.04,5.05,6.8,0.06,34.23,68.75,76.4,4.65,28.45,2.58,2.32,0.66,0.02,98.58,1.42,99.7,0.28
168,1653,2,1614,7.67,210.57,0.14,31,0.8,1.94,0.21,3,0.03,0.15,0.09,81.25,18.75,95.4,4.64,0.07,7,0.19,0.32,0.05,2.8,0.03,58.25,22.35,22.74,15.79,21.42,90.28,95.15,0.11,0.09,42.11,57.89,71.9,28.13,0.21,3.46,2,579,1.92,2.98,32.6,27.7,0.02,3.73,4.14,0.51,0.33,33.29,2,0.14,0.2,139,2.82,51.2,1.3,5.4,0.02,5.29,14.1,10.72,80.25,18.82,5.53,2.01,3.7,1750,51.9,6.92,5.46,6.4,0.08,32.74,59.41,66.03,3.63,26.46,2.19,2.7,0.81,0.03,98.44,1.56,99.6,0.43
170,1359,2,1332,6.33,210.38,0.2,44,1.14,2.22,0.37,3.3,0.03,0.12,0.08,89.47,10.53,96.4,3.6,0.08,4,0.17,0.21,0.06,2.9,0.03,37,8.47,13.95,8.85,14.66,82.29,82.19,0.11,0.13,35.29,64.71,38.1,61.9,0.52,6.96,2.9,756,4.22,2.21,32.6,26.8,0.04,7.49,8.94,1.93,0.52,46.01,4.25,0.61,0.51,132,2,44.6,1.29,7.6,0.08,10.27,12.18,7.15,81.84,14.2,9.39,9.54,4.9,1665,47,10.46,4.98,7.2,0.14,45.24,70.41,76.97,8.8,25.13,4.08,7.66,0.81,0.04,98.28,1.72,99.6,0.38
172,1771,2,1735,6,289.23,0.18,30,1.1,2.2,0.19,3,0.03,0.14,0.08,87.27,12.73,96.4,3.64,0.08,5,0.16,0.29,0.03,2.8,0.03,44.76,14.85,13.8,12.51,16.98,89.43,91.16,0.09,0.08,43.75,56.25,72.4,27.59,0.16,2.76,6.3,872,3,2.7,31.7,26.8,0.04,5.91,4.34,0.43,0.2,26.54,1.44,0.2,0.38,103,1.74,55.3,0.93,5.3,0.04,7.08,10.19,5,79.43,15.47,5.64,4.05,4,1260,49.6,9.66,4.35,5.8,0.08,42.25,70.63,80.77,7.86,41.01,3.5,4.59,1.08,0.04,97.82,2.18,99.6,0.41
172,1616,2,1582,8,197.7,0.18,31,0.93,2.15,0.22,2.9,0.03,0.13,0.07,86.02,13.98,96.7,3.26,0.08,6,0.14,0.2,0.04,2.7,0.03,46.52,16.84,14.27,8.82,15.94,87.9,90.51,0.08,0.05,42.86,57.14,75,25,0.23,3.57,5.9,797,2.14,1.94,32.7,27.8,0.04,8.17,5.33,0.52,0.2,33.55,2.16,0.29,0.24,81,1.14,52.5,1.01,5.5,0.04,5.17,8.41,4.3,85.67,16.11,6.63,4.47,4.4,1577,50.6,7.68,5.09,6.5,0.1,40.15,69.43,80.91,5.31,34.41,3.32,4.73,0.85,0.03,98.32,1.68,99.6,0.39
161,1587,2,1549,7.03,220.17,0.14,35,0.99,1.93,0.27,2.9,0.04,0.11,0.07,88.89,11.11,96.4,3.63,0.06,6,0.17,0.24,0.03,2.7,0.03,41.29,16.18,16.32,11.82,10.91,87.68,89.08,0.07,0.06,58.82,41.18,75,25,0.39,5.97,4,687,2.26,1.62,31.8,28,0.06,11.17,7.52,0.88,0.32,45.43,3.69,0.72,0.22,124,2.7,51.2,1.01,4.7,0.04,5.02,11.08,8.59,83.52,11.78,5.06,3.93,4.1,1605,51.3,5.85,6.01,7.3,0.14,42.52,65.22,74.21,4.34,31.88,3.57,6.26,0.98,0.03,98.09,1.91,99.5,0.51
161,1198,2,1171,6.47,181.11,0.23,32,1.01,2.22,0.22,3,0.05,0.14,0.08,86.14,13.86,96.4,3.6,0.1,7,0.21,0.14,0.02,2.8,0.05,44.43,18.86,19.49,5.91,9.37,83.7,86.55,0.1,0.07,52.38,47.62,50,50,0.37,4.35,6.3,871,5.78,2.96,30,26.8,0.1,11.09,9.3,2.13,0.5,50.64,3.17,0.69,0.69,130,2.76,42.8,1.05,7.4,0.1,15.18,17.35,12.68,89.48,22.15,10.95,8.57,4.9,1502,52.6,7.24,3.11,5.4,0.18,29.3,54.49,65.7,4.11,17.83,2.17,4.19,0.8,0.02,98.48,1.52,99.7,0.28
167,1704,2,1662,5.8,286.62,0.16,34.9,0.9,1.73,0.24,3,0.05,0.13,0.07,85.56,14.44,96,4.05,0.06,7,0.11,0.17,0.03,2.8,0.05,32.42,18.46,11.68,9.39,12.34,88.99,92.65,0.08,0.07,27.27,72.73,58.8,41.18,0.59,9.3,4.2,768,1.64,3.03,32.4,27.4, ,15.5,9.15,0.89,1.15,53.47,4.93, ,0.18,66,1.06,55.3,0.75,5.4,0.04,2.61,4.66,3.02,81.86,8,4.6,1.99,6.5,1592,46.3,8.5,7,8.2,0.16,60.31,72.09,84.44,8.06,47.87,4.48,5.09,0.89,0.05,98.08,1.92,99.4,0.59
165,1602,2,1566,8,195.73,0.16,52.1,1.1,1.56,0.36,3.2,0.03,0.1,0.04,90.91,9.09,97.4,2.56,0.06,7,0.15,0.24,0.04,3,0.04,35.51,13.37,12.99,14.66,9.79,86.62,86.71,0.13,0.08,13.33,86.67,66.7,33.33,0.59,9.3,4.2,768,1.64,3.03,32.4,27.4, ,15.5,9.15,0.89,1.15,53.47,4.93, ,0.26,153,2.74,50.5,1.43,6,0.06,3.92,7.44,6.05,78.57,9.64,4.41,3.31,4.3,2071,52.2,5.19,5.78,7.9,0.26,45.07,70.04,80.07,5.61,27.09,4.04,9.98,0.95,0.05,98.18,1.82,99,0.96
165,2545,3,2482,7.47,332.44,0.19,47.2,1.22,1.8,0.47,3.6,0.03,0.18,0.08,85.25,14.75,95.6,4.44,0.08,4,0.21,0.22,0.05,3.2,0.03,37.89,7.89,16.22,11.52,10.42,83.6,82.51,0.12,0.13,42.86,57.14,40.9,59.09,0.82,20.32,1.61,497,2.44,2.04,33.3,27.7,0.02,6.62,8.52,1.64,0.93,57.99,6.29,0.48,0.32,94,1.38,51.4,1.11,6.3,0.06,4.16,5.09,2.93,73.86,6.13,4.52,4.53,4.3,1579,40.7,10.38,5.04,8.5,0.18,51.33,78.5,79.22,13.69,25.46,5.6,12.48,0.7,0.05,98.28,1.72,99.5,0.48
170,1700,3,1655,7.47,221.71,0.14,32.5,0.95,2.03,0.24,3,0.04,0.09,0.04,90.53,9.47,98,1.97,0.06,4,0.1,0.12,0.03,2.7,0.04,43.47,11.51,9.99,5.61,9.89,87.27,92.25,0.04,0.04,60,40,66.7,33.33,0.3,4.92,1.75,655,2.4,2.54,32.9,27.4,0.04,3.97,5.9,0.75,0.37,40.73,2.77,0.29,0.21,114,1.68,54.2,1.34,5.8,0.02,5.19,11.19,5.73,86.5,18.09,6.4,1.57,4.1,1556,52.4,10.08,4.96,6.9,0.16,47.37,71.4,83.53,7.52,31.3,3.56,5.89,0.89,0.04,98.3,1.7,99.6,0.4
169,1596,2,1562,7.67,203.72,0.13,44,1.05,1.9,0.33,2.9,0.03,0.1,0.04,90.48,9.52,97.9,2.11,0.06,5,0.13,0.16,0.03,2.6,0.03,41.99,11.28,11.74,7.99,9.49,85.56,91.09,0.05,0.04,61.54,38.46,75,25,0.58,9.09,2.4,586,3.56,1.52,32.5,27.8,0.04,10.3,8.11,1.97,0.47,57.29,5.61,0.74,0.14,94,1.7,55.3,1.06,5,0.02,3.03,6.55,4.75,85.31,9.41,5.08,1.88,3.7,1902,52.3,7.24,4.8,6.6,0.12,44.69,74.06,81.54,6.24,23.81,3.75,6.29,0.54,0.03,98.97,1.03,99.6,0.41
171,1626,2,1589,7,227.04,0.11,42,1.15,1.97,0.33,2.9,0.03,0.09,0.07,92.17,7.83,96.4,3.55,0.04,4,0.11,0.12,0.03,2.5,0.03,34.73,9.16,9.03,5.75,7.15,83.58,88.15,0.06,0.05,45.45,54.55,58.3,41.67,0.65,10.41,2.1,695,3.94,1.28,31.8,28,0.02,12.65,11.05,2.24,0.43,63.1,6.49,0.41,0.15,75,0.88,53.8,0.88,5.2,0.04,4.53,5.98,2.51,89.65,8.75,6.05,4.09,3.1,1803,58.8,4.88,4.11,6.5,0.14,48.09,73.81,86.22,4.18,21,3.88,7.35,0.74,0.07,98.74,1.26,98.6,1.43
165,1582,2,1545,6.83,226.17,0.12,44,1.28,1.75,0.38,3,0.05,0.08,0.04,93.75,6.25,97.7,2.29,0.06,4,0.14,0.17,0.03,2.5,0.04,39.25,8.39,10.36,9.2,8.22,83.22,90.81,0.06,0.05,57.14,42.86,70.6,29.41,0.64,9.89,1.7,577,2.54,1.86,32.7,29.8,0.04,7.51,8.18,1.27,0.68,55.05,6.7,0.61,0.18,89,1.44,55.2,0.98,4.9,0.02,3.08,4.89,2.79,78.21,6.39,4.27,1.19,3.3,1612,49.8,9.48,5.24,7.5,0.14,50.15,78.55,85.59,11.92,30.33,5.8,7.38,0.62,0.04,98.76,1.24,99.6,0.42
169,769,2,752,5,150.4,0.22,60,1.32,2.19,0.56,3.6,0.06,0.08,0.05,93.94,6.06,97.7,2.28,0.1,5,0.14,0.2,0.05,3,0.07,44,8.12,9.86,8.49,7.96,79.82,84.17,0.06,0.06,57.14,42.86,70,30,1.16,8.69,0.62,574,1.64,3.82,31.6,27.1,0.04,3.39,11.59,1.44,2.02,65.24,8.97,0.6,0.22,123,2.02,51.7,1.1,5.5,0.06,3.32,6.84,4.87,75.19,6.26,5.02,2.47,3.8,1535,40.4,11.44,4.2,7.9,0.36,49.29,73.45,83.83,14.31,20.54,6.2,12.76,0.95,0.06,97.65,2.35,99.5,0.52
167,1645,2,1604,5.33,300.74,0.16,34,0.78,1.59,0.25,3,0.05,0.18,0.11,76.92,23.08,93.1,6.92,0.09,10,0.15,0.27,0.07,2.9,0.06,50.98,28.56,18.47,16.31,26.13,89.95,92.63,0.14,0.11,6.67,93.33,59.3,40.74,0.24,3.87,0.88,492,1.12,2.85,32.1,26.8,0.02,1.25,3.53,0.35,0.43,31,2.09,0.08,0.32,111,1.32,52.9,1.23,5.6,0.06,4.25,7.44,3.82,75.02,11.09,4.08,2.17,5.1,1405,41.7,9.05,5.49,8.3,0.22,43.52,60.46,77.37,8.24,31.78,3.88,5.12,0.76,0.05,98.18,1.82,99.4,0.55
172,1707,2,1666,8,208.27,0.18,36,1.05,1.89,0.25,3.1,0.04,0.19,0.11,81.9,18.1,94.2,5.82,0.07,4,0.21,0.3,0.05,2.9,0.03,38.68,11.47,19.04,15.11,19.42,88.4,88.57,0.13,0.11,38.1,61.9,63.3,36.67,0.32,5.26,1.95,675,4.18,2.96,31.3,26.3,0.04,3.58,6.42,1.26,0.49,39.55,2.66,0.39,0.3,138,3.14,48.4,1.51,6.4,0.06,5.34,12.73,9.16,78.46,18.51,6.28,5.7,6.3,1608,51.7,7.83,3.93,5.8,0.12,52.4,69.38,70.54,5.94,22.52,2.66,5.33,0.98,0.06,98.1,1.9,99.2,0.77
165,1611,3,1559,6.33,246.18,0.25,51,1.18,2.1,0.43,3.6,0.03,0.28,0.16,76.27,23.73,92.4,7.64,0.13,17,0.2,0.27,0.08,3.3,0.03,52.46,27.86,15.96,12.29,16.7,85.86,90.61,0.23,0.19,-15,115,30.5,69.48,0.64,9.92,2.4,633,1.56,1.94,32.9,28.2,0.02,6.54,7.01,0.84,0.59,48.68,4.96,0.41,0.38,148,2.06,50.1,1.51,5.8,0.04,5.55,8.77,5.95,81.44,11.96,5.46,4.37,4.6,1801,50.7,6.62,5.42,7.5,0.08,35.45,56.36,77.25,5.68,22.66,3.73,4.61,1.29,0.06,97.46,2.54,99.1,0.91
172,1766,2,1731,6.33,273.35,0.22,40,1.44,2.19,0.42,3.3,0.03,0.2,0.15,86.11,13.89,93.2,6.85,0.11,6,0.18,0.24,0.06,3.1,0.04,45.49,11.44,11.73,10.28,12.51,85.1,92.03,0.14,0.13,22.22,77.78,45.8,54.17,0.84,14.6,3.53,654,2.12,1.96,32.6,27.4,0.02,13.12,11.21,1.24,0.75,65.47,6.76,0.41,0.16,99,1.84,55.1,0.96,5.1,0.02,2.34,6.68,4.24,83.52,7.59,4.95,1.63,4.4,1727,59.2,5.92,3.01,5.4,0.12,39.05,70.67,82.79,5.44,14.43,3.18,5.93,0.85,0.04,98.56,1.44,99.3,0.68
172,1657,2,1619,8,202.39,0.18,38,1.17,2.06,0.3,3.4,0.02,0.16,0.1,86.32,13.68,95.1,4.85,0.08,7,0.12,0.21,0.05,3.1,0.03,36.2,16.9,9.7,9.6,15.8,87.9,91,0.11,0.1,8.33,91.67,52.4,47.62,0.41,6.64,1.44,668,0.96,1.87,33.4,28.1,0.02,2.83,6.98,0.34,0.37,45.65,3.46,0.26,0.22,106,2.3,53.1,1.14,5.6,0.04,3.47,8.88,6.46,84.73,12.49,5.52,4.22,6.8,1497,55.4,6.14,4.44,5.8,0.08,57.46,67.28,83.51,5.26,26.1,3.07,4.53,0.64,0.03,98.84,1.16,99.5,0.49
168,1620,3,1579,8,197.34,0.19,37,0.84,1.6,0.28,2.8,0.03,0.12,0.09,85.71,14.29,94.4,5.63,0.1,7,0.1,0.2,0.1,2.6,0,45,17.6,11.4,12.6,19.1,87,90.9,0.1,0.11,0,100,47.6,52.38,0.45,7.16,2.64,568,1.66,3.06,31.5,28.1,0.02,6.25,6.76,0.9,0.87,50.99,4.45,0.29,0.4,159,2.76,48.7,1.59,6.7,0.06,5.6,11.19,8.8,81.55,15.22,6.28,5.09,7,2081,56.2,6.81,3.48,5.6,0.1,43.14,64.46,78.91,5.02,14.66,2.31,3.73,0.59,0.03,98.95,1.05,99.6,0.44
172,1544,2,1506,8,188.24,0.13,43,0.97,1.65,0.3,2.9,0.03,0.11,0.07,88.66,11.34,95.8,4.24,0.04,7,0.17,0.19,0.06,2.7,0.03,26.79,15.66,16.73,10.99,18.46,87.54,92.45,0.1,0.08,41.18,58.82,57.9,42.11,0.55,8.35,3.37,794,5.2,4.12,28.9,24.9,0.02,13.11,10.31,2.97,1.38,53.4,4.69,0.36,0.27,142,2.74,52.2,1.15,5.5,0.02,4.82,8.47,7.19,80.53,9.76,4.75,1.64,5.5,1953,49.5,8.17,3.85,6.2,0.12,55.28,65.56,73.11,7.09,18.38,3.02,5.55,1.1,0.04,97.78,2.22,99.5,0.49
169,1562,3,1522,8,190.31,0.26,46,1.19,1.99,0.29,3.1,0.08,0.16,0.08,86.55,13.45,96,4.02,0.13,7,0.17,0.27,0.05,2.9,0.08,43.33,14.52,13.54,12.86,17.64,87.42,94.92,0.13,0.09,23.53,76.47,66.7,33.33,0.44,6.69,1.8,683,4.06,2.46,31.2,26.1,0.04,2.78,6.57,1.5,0.54,47.27,3.65,0.22,0.29,120,2.42,54.1,1.09,5.6,0.04,2.9,7.48,5.79,77.39,10.7,5.07,1.43,7.4,1666,48.1,9.36,3.61,6.2,0.14,50.99,71.43,79.18,9.21,24.38,3.86,3.43,0.92,0.04,98.09,1.91,99.6,0.43
169,1510,2,1474,8,184.21,0.19,40,0.95,1.89,0.26,3,0.08,0.14,0.06,85.26,14.74,96.8,3.17,0.06,8,0.16,0.21,0.04,2.8,0.07,30.69,19.57,16.01,10.56,16.09,87.39,93.06,0.1,0.07,37.5,62.5,66.7,33.33,0.41,6.09,6.9,663,4.42,2.08,31.2,26.8,0.04,15.35,7.05,1.92,0.46,49.62,3.64,0.23,0.28,113,2.48,51.65,1.04,5.8,0.08,4.54,8.77,7.87,82.4,12.06,5.74,3.37,6.15,1682,47.2,8.33,3.87,6.6,0.16,49.41,64.61,74.19,6.58,22.23,3.24,3.34,0.8,0.06,98.31,1.69,99.3,0.72
172,1570,3,1528,8,190.98,0.19,36,1.01,1.97,0.26,3,0.07,0.13,0.05,87.13,12.87,97.5,2.54,0.08,4,0.1,0.11,0.04,2.8,0.06,36.77,10.75,9.37,5.29,13.47,87.16,92.65,0.1,0.07,0,100,36.4,63.64,0.35,5.38,2.85,721,5.26,2.32,31,27.8,0.06,4.87,7.21,1.83,0.41,41.99,3.22,0.34,0.27,110,2.36,52.1,1.3,5.7,0.06,4.42,10.52,7.87,89.1,16.84,6.31,3.3,6.85,1554,50.4,6.32,4.44,6.2,0.14,53.94,71.53,80.92,5.2,27.69,3.31,3.7,1.06,0.04,97.9,2.1,99.4,0.63
170,1513,2,1477,8,184.64,0.24,42,1.06,1.9,0.3,3.3,0.05,0.11,0.05,89.62,10.38,97.4,2.63,0.09,4,0.14,0.19,0.04,3.1,0.05,39.9,10.53,12.53,9.49,11.7,88.62,93.16,0.07,0.06,50,50,68.4,31.58,0.41,6.02,1.5,606,4,1.34,31.3,27.2,0.02,2.86,6.86,1.54,0.29,42.55,3.34,0.16,0.2,93,1.3,55.4,0.99,4.8,0.04,2.66,7.36,3.5,83.1,9.4,4.12,2.24,6.2,1440,46.4,7.19,5.79,6.9,0.12,54.57,75.26,82.44,7.13,36.35,3.92,4.44,0.81,0.06,98.25,1.75,99.2,0.83
168,1424,2,1391,8,173.82,0.16,35,0.96,1.85,0.19,2.8,0.07,0.08,0.04,91.67,8.33,97.8,2.16,0.06,5,0.17,0.19,0.04,2.6,0.07,32.53,14.25,16.86,9.78,19.04,88.57,94.39,0.06,0.04,64.71,35.29,78.9,21.05,0.2,2.85,3.1,741,4.5,1.54,31.5,28,0.02,3.62,4.55,0.96,0.17,33.99,2.05,0.06,0.24,97,1.52,50.5,1.01,5.7,0.06,4.23,8.99,4.9,84.55,16.46,6.32,2.63,7.1,1636,50.3,6.9,3.93,5.8,0.14,59.62,72.21,77.27,5.5,30.5,3.06,2.92,0.67,0.04,98.67,1.33,99.4,0.58
169,1522,3,1475,7.33,201.18,0.27,47,1.28,2.07,0.33,3.2,0.04,0.15,0.07,88.28,11.72,96.6,3.38,0.1,7,0.13,0.26,0.05,3,0.04,39.15,14.94,9.6,11.87,12.89,87.68,95.08,0.13,0.06,0,100,76.9,23.08,0.4,5.9,5.5,894,7.1,1.64,30.8,28,0.02,9.11,8.07,2.22,0.32,37.34,3.46,0.2,0.22,96,1.54,57.3,1.05,4.5,0.02,2.66,6.33,3.51,80.82,9.29,4.06,1.47,5.5,1453,50.3,6.72,6.2,7.2,0.06,49.08,70.66,84.67,6.99,40.48,4.8,3.25,0.99,0.06,98.03,1.97,99.1,0.89
165,1561,3,1518,8,189.77,0.22,38,1.1,1.77,0.32,3,0.1,0.09,0.07,91.82,8.18,96,3.95,0.1,5,0.11,0.23,0.04,2.8,0.1,37.42,12.26,9.52,12.37,11.6,87.45,95.09,0.08,0.08,27.27,72.73,65.2,34.78,0.43,6.49,3.7,659,7.1,3.48,29.9,25.8,0.04,6.22,7.26,2.76,0.84,39.95,3.62,0.17,0.38,131,2.2,52.9,2.11,6,0.1,3.94,8.89,5.27,78.72,17.37,5.19,2.63,7.6,1584,51.7,8.14,5.67,6.5,0.12,52.42,71.59,82.45,8.07,31.08,3.74,2.1,0.9,0.3,98.26,1.74,96.3,3.69
166,1300,2,1268,7.33,172.92,0.56,39,1.13,1.78,0.29,2.9,0.12,0.14,0.07,87.61,12.39,96.1,3.93,0.22,8,0.15,0.24,0.05,2.7,0.12,35.98,18.96,12.66,12.86,16.11,88.32,96.07,0.12,0.09,20,80,62.5,37.5,0.46,5.88,6.1,847,5.5,3.84,30.2,25.1,0.06,4.85,9.76,2.26,1,48.28,3.99,0.23,0.58,119,2.28,55.4,1.26,5.1,0.04,2.48,7.36,5.02,77.47,10.82,4.36,0.84,19.4,1509,53.1,9.06,4.22,5.7,0.2,56.7,63.91,80.06,8.67,24.79,3.33,2.86,0.98,0.06,98.15,1.85,99.3,0.66
170,1314,3,1280,7.67,167,0.41,41,1.17,1.98,0.29,2.7,0.13,0.08,0.05,93.16,6.84,97.5,2.53,0.18,8,0.18,0.18,0.05,2.4,0.13,41.51,18.3,14.57,8.61,15.02,85.77,93.31,0.08,0.03,55.56,44.44,83.3,16.67,0.39,4.97,5.9,743,4.38,1.52,30.6,28.1,0.06,5.57,6.96,1.45,0.3,40.94,4.11,0.18,0.44,104,1.58,54.8,1.14,4.8,0.1,3.25,7.63,4.1,84.09,11.94,5.5,2.3,11,1499,50.4,7.48,5.02,6.6,0.3,49.66,67.11,79.87,7,32.1,4.62,4.22,0.59,0.05,98.83,1.17,99.3,0.67
166,475,2,464,5.67,81.87,0.18,40,1.17,2.13,0.21,2.8,0.07,0.1,0.05,91.45,8.55,97.7,2.35,0.08,3,0.16,0.15,0.03,2.6,0.06,39.23,7.28,12.92,6.65,14.85,87.57,87.96,0.08,0.06,50,50,60,40,0.06,0.28,3.8,705,7.4,2.02,29.8,27.2,0.04,1.21,1.11,0.39,0.06,8.7,0.59,0.04,0.38,115,2.4,51.4,1.34,5.5,0.1,6.96,10.42,7.24,85.21,22.53,6.92,5.48,5.3,1654,48.6,9,5.92,7.2,0.22,52.6,81.19,79.45,8.08,53.92,4.91,6.53,0.95,0.06,98.05,1.95,99.3,0.67
166,1546,2,1513,8,189.1,0.22,41,1.01,1.99,0.23,3.1,0.07,0.12,0.06,88.12,11.88,97,3.02,0.1,4,0.12,0.16,0.03,2.9,0.07,45.24,11.2,11.28,7.64,11.97,88.67,93.58,0.06,0.05,50,50,68.8,31.25,0.33,5.05,7.58,735,4,2.22,31.6,27,0.04,12.06,7.24,1.32,0.37,45.89,2.9,0.19,0.22,100,1.4,55.1,1.07,5.2,0.04,3.25,9.16,4.3,85.97,14.45,5.2,1.75,5.2,1542,52.7,7.52,4,6.3,0.2,39.45,72.4,83.09,6.02,27.69,3.23,4.48,1.16,0.06,97.8,2.2,99.2,0.8
165,1604,3,1563,7.33,213.13,0.23,33,1.02,1.85,0.24,3.2,0.04,0.21,0.11,79.41,20.59,94.1,5.95,0.14,6,0.2,0.2,0.07,3.1,0.04,56.99,17.2,18.66,10.29,26.56,89.83,91.59,0.16,0.13,20,80,35,65,0.19,2.96,2.05,709,15.5,2.07,28.4,24.9,0.02,1.66,4.05,2.88,0.21,22.43,1.44,0.09,0.5,118,1.38,49.4,1.1,5.3,0.06,6.38,10.61,4.04,79.68,13.68,4.82,4.31,4.9,1356,45.5,10.89,5.37,7.7,0.1,34.97,68.15,74.42,9.82,37.33,3.91,4.01,0.85,0.08,98.13,1.87,99.3,0.73
162,1605,2,1569,8,196.1,0.23,41,1.06,1.89,0.28,3,0.04,0.11,0.05,89.62,10.38,97.4,2.65,0.08,4,0.12,0.18,0.02,2.8,0.04,36.45,9.44,10.74,9.03,7.45,87.59,91.52,0.06,0.05,50,50,72.2,27.78,0.38,5.89,11.96,679,4.48,2.08,31.9,25.9,0.04,21.59,6.35,1.59,0.41,42.81,3.21,0.36,0.2,85,1.4,53.7,1.05,5.1,0.04,2.87,6.32,3.94,84.86,11.2,5.03,2.88,4.5,1731,49.1,5.95,5.97,7,0.12,39.09,77.89,83.73,5.69,38.54,4.17,5.23,0.5,0.05,98.98,1.02,99.2,0.84
168,1611,3,1570,8,196.23,0.22,38,0.98,1.87,0.25,3.2,0.04,0.12,0.05,87.76,12.24,97.3,2.67,0.1,4,0.11,0.2,0.03,3.1,0.04,41.88,10.37,10.66,10.16,12.92,89.35,90.15,0.08,0.06,27.27,72.73,70,30,0.37,5.81,7.41,945,7.4,2.81,30.9,24.6,0.04,12.1,9.55,2.8,0.56,45.77,2.76,0.35,0.4,121,1.88,50,1.43,5.7,0.08,5.62,10.52,6.11,85.15,18.22,5.51,6.05,6.3,1752,54.2,5.31,3.97,5.4,0.1,40.4,69.56,80.43,4.13,23.09,2.38,3.45,0.8,0.06,98.52,1.48,98.9,1.13
166,1493,2,1459,8,182.4,0.27,44,1.11,1.83,0.32,3.3,0.05,0.12,0.06,89.19,10.81,96.7,3.28,0.12,5,0.13,0.2,0.04,3.2,0.05,42.39,10.95,11.13,10.38,13.06,89.71,95.66,0.09,0.07,30.77,69.23,65,35,0.64,9.27,5.4,1038,12.3,3.3,29.4,22.2,0.02,12.75,15.19,7.04,1.15,58.34,4.16,0.26,0.37,150,2.6,53.1,1.36,4.7,0.02,4.01,10.07,6.82,84.51,12.38,4.04,1.17,7.6,1915,57.6,5.02,3.59,4.9,0.1,40.85,63.8,75.01,3.97,16.22,2.09,2.91,1.1,0.07,98.09,1.91,98.6,1.39
167,1281,2,1253,6,208.77,0.24,36,0.99,1.75,0.26,3.1,0.04,0.14,0.07,85.93,14.07,96,3.99,0.1,5,0.13,0.18,0.04,3,0.04,41.47,13.18,12.45,9.78,14.66,89.69,93.24,0.07,0.06,46.15,53.85,66.7,33.33,0.54,6.73,9,928,16.05,7,24.1,20.4,0.06,21.03,13.78,8.66,2.14,49.78,3.44,0.79,0.37,160,3.14,50.9,1.33,5.1,0.04,4.57,12.57,8.96,82.38,14.52,4.54,2.78,5.8,1675,53.3,7.66,4.19,5.7,0.1,32.94,60.47,69.92,5.7,21.04,2.33,3.19,1.13,0.07,97.88,2.12,99.1,0.91
166,1390,2,1363,7,194.71,0.2,28,0.75,1.45,0.2,2.7,0.05,0.15,0.09,80,20,93.8,6.21,0.11,8,0.13,0.25,0.03,2.6,0.05,66.5,25.71,16.72,16.63,15.91,90.55,95.28,0.11,0.1,15.38,84.62,60,40,0.46,6.22,4,1043,14.1,5.18,25.4,22.2,0.06,11.44,15.85,8.57,1.63,57.93,3.66,0.54,0.28,127,2.36,51.9,1.16,5.5,0.04,3.89,9.37,6.97,79.26,12.84,4.4,1.75,3.3,1675,57.8,4.1,3.03,4.4,0.14,18.18,49.06,67.74,2.49,13.32,1.4,2.43,1.01,0.03,98.25,1.75,99.3,0.73
164,1180,2,1156,5.67,203.98,0.1,47,0.9,1.45,0.29,2.9,0.03,0.08,0.04,91.11,8.89,97.2,2.76,0.04,4,0.08,0.1,0.02,2.6,0.03,41.91,7.52,8.49,6.59,7.9,86.55,85.57,0.04,0.06,50,50,40,60,0.55,6.36,1.4,640,6.18,7.4,29.9,24.3,0.02,8.45,6.94,3.78,2.81,56.75,4.66,0.33,0.35,205,3.28,45.8,1.85,6.8,0.12,10.55,11.09,10.01,86.79,17.53,6.51,9.85,3,3185,58.9,4.66,4.35,5.5,0.12,39.08,74.46,77.72,3.82,17.81,2.28,4.26,0.88,0.02,98.51,1.49,99.6,0.43
169,1611,2,1574,7.33,214.58,0.23,49,1,1.46,0.27,2.8,0.05,0.09,0.04,91,9,97.3,2.74,0.09,5,0.11,0.13,0.03,2.6,0.04,39.8,9.49,10.52,8.52,10.27,88.28,91.77,0.05,0.04,54.55,45.45,69.2,30.77,0.43,6.8,1.9,580,2.2,1.7,33,27.5,0.04,3.8,4.97,0.95,0.5,52.8,4.22,0.41,0.26,101,1.58,54.5,1.23,5.2,0.04,2.71,4.51,3.56,84.04,10.26,4.16,2.16,6.9,2425,50.5,6.02,4.28,5.6,0.14,53.69,81.02,84.97,6.94,26.67,3.35,5.65,0.78,0.04,98.46,1.54,99.3,0.66
180,1277,2,1246,7.33,169.87,0.18,38,0.81,1.76,0.26,3.1,0.03,0.08,0.05,90.12,9.88,97.2,2.84,0.09,4,0.06,0.16,0.03,2.9,0.03,43.53,8.38,7.07,8.67,11.74,88.12,89.39,0.06,0.06,0,100,62.5,37.5,0.49,6.05,3.95,867,10.3,3.1,29.1,25.6,0.04,9.73,9.26,6.18,0.86,54.37,3.96,0.61,0.32,141,2.64,53.8,1.48,5.6,0.02,4.57,8.72,9.17,86.03,16.02,5.02,1.76,6.3,2538,47.6,5.92,3.52,6.9,0.2,42.18,73.64,77.59,4.44,17.87,2.9,8.25,1.01,0.05,97.88,2.12,99.2,0.84
183,1502,2.43,1466,5,293.2,0.14,47,0.87,2.17,0.26,2.8,0.05,0.07,0.04,91.95,8.05,98.2,1.84,0.06,4,0.1,0.14,0.02,2.6,0.05,43.17,7.71,10.87,6.1,8.73,86.48,94.37,0.04,0.04,60,40,71.4,28.57,0.47,6.87,4.9,876,6.7,2.62,32.2,25.5,0.04,17.48,8.37,3.61,0.57,58.04,4.2,0.37,0.11,150,2.58,53.1,1.27,5.2,0.02,3.03,11.08,10.75,88.7,17.71,6.63,1.45,3.5,2621,47.7,7.38,2.96,5.6,0.14,36.32,72.85,74.77,4.64,15.53,2.69,3.81,0.71,0.02,98.51,1.49,99.7,0.27
166,1497,2,1467,8,183.34,0.14,28,0.72,1.79,0.19,2.8,0.03,0.12,0.06,83.33,16.67,96.6,3.35,0.06,4,0.18,0.27,0.05,2.6,0.03,45.7,14.2,24,14.5,24.8,89.6,92,0.11,0.06,38.89,61.11,77.8,22.22,0.25,3.74,3.5,722,2.16,5.55,30.6,28.9,0.02,7.07,6.79,0.76,0.79,41.02,2.64,0.16,0.21,89,1.58,54.2,0.81,5.8,0.04,4.45,8.78,5.86,80.91,11.39,5.56,3.41,5.4,1906,50,6.82,4.34,6.2,0.14,42.77,70.25,69.35,3.81,22.81,2.22,4.46,0.78,0.04,98.44,1.56,99.4,0.59
168,1680,2,1648,8,206.04,0.19,31,0.8,1.7,0.18,2.8,0.03,0.11,0.05,86.25,13.75,97.1,2.94,0.09,7,0.08,0.19,0.05,2.5,0.02,49.8,21.3,9.6,10.7,25.6,88.4,86.5,0.07,0.05,12.5,87.5,73.7,26.32,0.18,2.95,3.9,871,6.28,5.42,27.6,24.5,0.06,4.04,4.95,1.41,0.57,27.49,1.62,0.49,0.48,127,2.94,50.9,1.14,7.1,0.06,7.69,11.17,10.2,83.09,17.58,7.27,7.52,5.5,1633,52.1,7.9,4.37,6,0.1,38.45,62.62,78.81,5.62,29.38,2.68,5.46,0.82,0.04,98.43,1.57,99.5,0.51
165,1688,2,1655,7,236.42,0.2,38,0.77,1.93,0.21,2.8,0.03,0.13,0.04,83.12,16.88,97.9,2.07,0.1,8,0.1,0.2,0.1,2.6,0,48.4,20.2,16.1,8.9,22.7,87.8,90.8,0.09,0.05,30.77,69.23,72.2,27.78,0.28,4.65,6.9,736,5.72,4.51,27.1,25.1,0.06,9.84,5.48,2.09,0.66,36.25,2.5,0.54,0.45,125,2.16,51.5,1.02,6.1,0.04,7.41,10.75,9.1,86.56,15.76,7.01,4.12,5.7,2020,47.2,6.34,4.48,6.4,0.12,34.35,63.55,72.73,3.9,25.31,2.69,4.52,0.61,0.06,98.71,1.29,99.1,0.95
167,1519,2,1489,8,186.1,0.15,37,0.95,1.88,0.22,3,0.03,0.08,0.06,91.58,8.42,96.8,3.19,0.07,5,0.11,0.17,0.05,2.6,0.03,39.5,11.42,11.02,8.61,20.77,86.89,89.61,0.07,0.05,36.36,63.64,70.6,29.41,0.29,4.3,3.55,803,8.78,4.89,26.7,26.2,0.02,6.09,5.57,2.67,0.75,35.09,2.66,0.18,0.4,181,3.58,50.4,1.34,6.9,0.06,7.56,13.85,12.02,85.51,19.43,7.73,6.01,5.9,2153,52.7,7.2,4.06,5.8,0.1,46.84,69.16,74.29,5.13,24.71,2.73,4.2,0.77,0.04,98.54,1.46,99.4,0.56
172,1571,2,1541,8,192.64,0.22,40,0.94,1.82,0.18,2.9,0.04,0.07,0.05,92.55,7.45,97.3,2.75,0.11,7,0.1,0.15,0.04,2.6,0.04,49.77,17.17,10.15,7.86,19.61,88.6,92.76,0.06,0.04,40,60,73.3,26.67,0.21,3.26,6.8,830,2.22,3.78,29.6,28.4,0.04,6.82,4.51,0.5,0.44,34.76,2.14,0.21,0.32,124,2.58,53,0.96,6.1,0.04,4.55,9.55,8.22,87.25,15.98,6.53,2.91,5.8,1894,54,5.74,3.78,5.4,0.12,38.86,68.77,81.13,4.45,29.66,2.72,4.12,0.78,0.03,98.56,1.44,99.5,0.52
170,1602,2,1570,8,196.27,0.16,33,0.89,1.74,0.19,3,0.02,0.07,0.07,92.13,7.87,96,4.02,0.08,6,0.08,0.12,0.05,2.8,0.02,47.08,16.2,8.6,6.59,22.65,90.33,89.89,0.06,0.06,25,75,50,50,0.08,1.2,4.3,717,3.4,4.7,31.1,25.4,0.02,2.02,1.54,0.29,0.21,12.46,0.65,0.08,0.24,116,2.7,54.3,1.01,5.6,0.02,4.2,9.31,8.62,88.7,15.11,5.37,2.81,5.2,1770,50.3,5.36,6.48,7.4,0.1,46.71,72.95,82.49,4.5,49.78,3.64,7.22,1.31,0.03,97.4,2.6,99.4,0.56
166,1565,2,1536,8,191.95,0.12,36,0.84,1.8,0.21,3,0.02,0.06,0.04,92.86,7.14,97.8,2.22,0.04,4,0.08,0.17,0.04,2.7,0.02,31.68,11.73,9.08,9.01,16.35,87,86.74,0.06,0.06,25,75,64.7,35.29,0.29,4.39,1.4,604,1.8,1.94,31.6,27.8,0.04,3.32,5.3,0.61,0.31,43,2.68,0.52,0.34,122,2.28,51.3,0.95,7.2,0.04,8.47,11.25,8.15,85.52,13.58,7.3,5.46,5.1,1748,51.7,6.96,4.26,6.7,0.12,56.53,71.72,82.16,5.16,27.08,3.02,7.28,0.56,0.03,98.92,1.08,99.6,0.43
164,1600,2,1570,8,196.23,0.13,40,1.26,2.18,0.24,2.9,0.03,0.08,0.03,93.65,6.35,98.6,1.38,0.04,4,0.15,0.23,0.03,2.6,0.03,29.45,9.82,11.2,9.93,13.33,84.77,88.83,0.06,0.04,60,40,82.6,17.39,0.21,3.32,1.2,687,2,2.08,31.6,28.4,0.02,1.98,3.79,0.34,0.2,27.83,2.08,0.13,0.21,74,1.88,50.5,0.78,6.2,0.04,5.98,7.03,5.43,84.34,11.83,7.82,4.58,3.9,1482,51,5.88,5.5,7.5,0.1,62.59,79.35,83.03,5.53,47.01,5.33,6.46,0.56,0.02,98.9,1.1,99.7,0.34
166,1607,2,1578,8,197.22,0.22,45,1.16,2.02,0.24,3.2,0.04,0.05,0.05,95.69,4.31,97.5,2.48,0.1,5,0.07,0.15,0.04,3,0.04,46.09,10.96,5.7,7.01,17.09,87.57,91.19,0.04,0.04,42.86,57.14,73.3,26.67,0.36,5.6,3.2,774,2.56,2.8,30.8,25.8,0.04,5.55,6.38,0.78,0.49,46.04,2.83,0.34,0.29,150,2.88,51.4,0.98,6,0.04,4.85,11.91,8.5,87.11,14.12,6.35,3.31,5,1710,55.3,6.1,3.03,5.9,0.12,43.52,70.75,85.02,5.39,22.75,3.25,5.17,0.67,0.03,98.79,1.21,99.5,0.49
161,1600,2,1568,7.33,213.8,0.18,51,1.24,2.05,0.3,3,0.12,0.08,0.03,93.55,6.45,98.5,1.46,0.05,4,0.12,0.13,0.04,2.7,0.01,27.46,6.56,9.12,5.98,13.51,85.23,77.24,0.05,0.04,58.33,41.67,69.2,30.77,0.49,7.62,2.3,641,2.46,1.96,30.8,27.6,0.02,6.51,5.42,0.96,0.46,49.88,4.49,0.8,0.18,144,2.62,54.2,0.9,5.3,0.02,3.42,8.18,6.9,86.3,9.79,5.8,5.35,5.3,2265,50.8,7.34,3.97,6.6,0.1,62.6,79.85,83.02,7.26,26.82,4.48,16.61,0.45,0.02,99.11,0.89,99.7,0.27
160,468,2,459,6.33,72.46,0.21,48.2,1.13,2.19,0.23,2.9,0.01,0.08,0.04,92.89,7.11,98.2,1.83,0.03,4,0.15,0.13,0.04,2.6,0.01,12.47,8.28,12.58,5.6,17.64,86.25,74.45,0.09,0.05,40,60,61.5,38.46,0.33,1.52,0.9,553,1.58,2.64,30.8,28.2,0.04,1.31,4.02,0.47,0.4,44.35,3.28,1.05,0.42,175,2.36,53,0.98,5.1,0.02,6.65,13.8,7.54,87.04,15.32,6.45,5.67,10.6,1977,52.4,8.94,3.06,6.7,0.14,79.57,73.91,79.41,6.96,22.68,4.02,18.83,0.78,0.04,98.51,1.49,99.6,0.45
165,1635,3,1594,8,199.25,0.12,46,1.04,1.96,0.25,3,0.02,0.08,0.06,92.31,7.69,96.9,3.06,0.03,8,0.06,0.15,0.04,2.8,0.02,21.37,16.68,5.45,7.23,13.23,86.42,86.62,0.06,0.04,0,100,73.3,26.67,0.4,6.34,1.8,703,3.74,1.68,30.3,28.8,0.04,5.4,6.17,1.43,0.34,48.2,3.74,0.73,0.28,114,2.16,51.2,0.95,5.3,0.04,7,8.34,6.89,86.63,12.6,5.74,6.08,4.9,1739,50,6.34,3.62,7,0.08,66.24,68.81,86.23,5.8,25.97,4.1,6.58,0.74,0.03,98.52,1.48,99.5,0.47
169,1639,2,1602,8,200.3,0.24,27,1.07,2.06,0.11,2.6,0.03,0.06,0.04,94.39,5.61,98.1,1.94,0.09,4,0.21,0.24,0.02,2.5,0.03,46.95,14.1,18.69,11.1,19.05,89.34,91.52,0.06,0.04,71.43,28.57,83.3,16.67,0.11,1.78,7.33,854,4.78,3.16,30,27.4,0.04,4.45,3.5,0.5,0.17,30.24,1.14,0.14,0.24,84,2.3,53.5,0.8,5.9,0.02,4.26,10.07,6.96,84.11,23.55,7.17,2.07,5.8,1400,56.6,6.82,2.14,4.5,0.14,44.34,72.33,73.85,4.62,27.16,2.36,6.26,1.04,0.05,98.16,1.84,99.3,0.73
172,1521,2,1488,7.67,194.02,0.2,34,0.95,1.89,0.17,3.1,0.03,0.16,0.07,83.16,16.84,96.3,3.7,0.09,8,0.11,0.26,0.05,2.9,0.03,38.94,22.77,11.04,13.12,28.05,90.55,91.07,0.15,0.08,-36.36,136.36,69.2,30.77,0.18,2.68,14.7,1005,13,9.82,23.9,20.3,0.04,12.01,5.4,2.46,0.94,25.32,1.2,0.23,0.84,169,4.04,47.8,1.16,5.8,0.04,12.51,16.55,13.96,83,22.39,6.23,4.18,6.8,1564,58.2,4.7,3.48,5.2,0.12,36.53,55.27,72.54,2.94,24.24,2.02,4.52,0.82,0.04,98.59,1.41,99.1,0.85
163,1604,2,1567,8,195.89,0.14,40,1.04,2.05,0.2,2.8,0.02,0.09,0.05,91.35,8.65,97.6,2.44,0.04,5,0.1,0.13,0.02,2.5,0.02,25,11.68,9.1,6,10.42,86.63,90.03,0.04,0.03,60,40,76.9,23.08,0.28,4.4,7.1,736,2.82,2.3,30.4,28.5,0.04,13.17,5.1,0.76,0.32,42.71,2.93,0.53,0.12,126,2.36,53.3,0.94,5.8,0.02,2.7,10.58,7.72,88.49,16,7.22,3.24,5.5,1807,52.6,6.53,3.79,5.4,0.08,59.14,72.64,82.41,5.19,30.88,3.22,6.2,0.55,0.03,98.95,1.05,99.5,0.46
167,1636,0,1605,8,200.57,0.28,49,1.09,1.87,0.25,3,0.03,0.08,0.08,92.66,7.34,95.7,4.28,0.1,7,0.09,0.22,0.06,2.9,0.03,34.37,13.34,7.84,11.17,21.26,88.76,90.37,0.07,0.08,22.22,77.78,63.6,36.36,0.27,4.4,2.5,629,2.78,2.63,31.3,25.1,0.04,2.48,3.46,0.7,0.39,34.34,2.22,0.35,0.39,162,2.42,50.1,1.26,5.9,0.04,4.42,10.18,6.95,83.82,15.77,5.95,3.97,9.7,2175,55.1,5.17,4.28,5.7,0.1,58.73,73.02,84.52,4.62,28.62,3.07,5.31,1.04,0.04,98.11,1.89,99.2,0.77
163,1625,2,1587,6.67,238.02,0.12,49,1.02,2.09,0.24,3,0.04,0.1,0.05,90.2,9.8,97.6,2.39,0.06,6,0.12,0.19,0.04,2.7,0.04,39.94,11.54,11.14,8.61,13.81,87.44,91.24,0.05,0.05,58.33,41.67,73.7,26.32,0.41,6.44,1.47,688,3.4,1.82,32.1,27.2,0.04,4.19,5.67,1.35,0.35,54.26,3.77,0.39,0.15,85,0.98,53.7,1.07,5.5,0.04,3.56,5.82,3.24,86.65,15.04,6.34,3.25,4.9,2495,56.6,6.04,2.67,4.7,0.14,52.31,76.96,84.27,4.39,16.89,2.44,5.12,0.86,0.03,98.48,1.52,99.5,0.5
163,810,2,792,6.67,118.87,0.19,45,1.08,2.29,0.15,2.5,0.05,0.11,0.05,89.81,10.19,97.8,2.18,0.05,5,0.14,0.21,0.03,2.2,0.04,23.74,10.27,12.24,8.66,16.37,84.49,84.46,0.05,0.04,64.29,35.71,81,19.05,0.06,0.51,3.3,939,15.36,4.06,25.2,23.9,0.06,1.07,1.32,0.92,0.11,10.86,0.63,0.09,0.31,120,2.1,53.5,1.19,5.9,0.06,5.42,9.08,6.76,81.23,27.58,8.34,4.66,6.9,1813,43,11.38,3.37,8,0.24,69.77,79.33,80.08,9.99,45.19,6.54,10.79,1.09,0.04,97.47,2.53,99.6,0.35
165,1672,2,1638,4,409.49,0.35,40.1,0.92,1.88,0.22,3.1,0.02,0.13,0.09,85.87,14.13,95.2,4.79,0.14,8,0.14,0.4,0.07,3,0.02,45.09,19.64,14.55,20.34,30.42,90.23,85.75,0.1,0.08,28.57,71.43,80,20,0.19,3.04,5.9,794,3.94,4.32,30.1,26.9,0.02,3.69,3.78,0.79,0.43,25.37,1.57,0.17,0.62,140,2.12,48.7,1.33,6.3,0.06,5.57,9.59,6.15,69.14,16.14,5.29,7.18,8.8,1694,46.9,12.32,4.01,6,0.1,45.65,66.99,78.51,10.09,28.07,2.91,6.91,1.21,0.06,97.42,2.58,99.5,0.49
162,1619,2,1587,8,198.35,0.24,36.9,1.2,2.24,0.16,3.3,0.03,0.08,0.04,93.33,6.67,98.2,1.79,0.13,6,0.15,0.25,0.03,3.1,0.03,56.18,16.87,11.8,10.54,19.47,89.35,90.59,0.06,0.04,60,40,84,16,0.13,2.02,3.4,800,7.22,2.36,29.4,26.3,0.04,1.98,3.04,0.77,0.13,23.42,1.02,0.16,0.34,112,1.68,51.2,1.02,6.3,0.04,5.8,12.44,5.22,85.22,23.77,7.17,4.77,4.5,1299,56.4,5.26,3.05,4.6,0.08,36.04,67.66,82.21,4.11,33.34,2.46,4.48,0.79,0.02,98.6,1.4,99.6,0.38
166,1622,2,1590,8,198.76,0.2,34.4,1.36,2.15,0.17,3.1,0.02,0.1,0.06,92.65,7.35,97.2,2.79,0.06,6,0.15,0.18,0.03,2.9,0.02,35.02,14.61,10.4,7.89,18.85,88.7,81.58,0.08,0.05,46.67,53.33,72.2,27.78,0.17,2.74,3.5,877,5.26,2.34,30.9,27.6,0.02,3.74,3.9,0.67,0.19,31.34,1.54,0.15,0.25,142,3.18,51.4,1.02,5.2,0.04,5.5,13.03,8.31,84.96,21.32,6,6.15,4.5,1325,54.8,7.48,2.42,5.8,0.14,55.75,68.46,80.63,6.96,28.48,3.77,12.12,1.07,0.05,98.05,1.95,99.3,0.67
166,1642,2,1611,7.33,219.71,0.17,39.8,1.26,2.34,0.2,3,0.02,0.11,0.06,91.27,8.73,97.4,2.56,0.09,5,0.15,0.17,0.04,2.8,0.02,46.19,12.28,11.18,6.83,17.85,87.28,84.21,0.1,0.05,33.33,66.67,70.6,29.41,0.21,3.38,4.7,763,4.88,4.32,28.9,26.8,0.04,5.39,4.19,0.81,0.39,30.34,1.87,0.38,0.33,154,3.94,50.2,1.05,5.6,0.04,7.21,16.1,12.5,85.79,20.99,7.43,7.17,4.1,1402,51.7,8.9,3.35,5.6,0.1,41.21,67.43,75.5,7,30.82,3.42,8.25,1.37,0.04,97.35,2.65,99.6,0.45
172,1650,2,1615,8,201.9,0.15,41.2,1.09,2.05,0.22,2.9,0.04,0.14,0.08,87.16,12.84,96.1,3.9,0.09,6,0.09,0.34,0.05,2.7,0.04,34.89,12.46,7.85,15.77,21.58,87.66,86.35,0.11,0.07,-22.22,122.22,79.4,20.59,0.22,3.59,2.7,480,2.04,13.8,25.6,24.8,0.06,2.45,2.33,0.42,1.5,25.86,1.88,0.3,0.45,174,2.84,50.8,1.19,5.8,0.06,5.16,10.7,7.33,69.73,15.2,5.57,3.83,7.4,1790,48.3,14,4.32,7.5,0.22,57.49,74.5,84.4,13.01,37.36,4.88,9.52,1.32,0.04,97.27,2.73,99.7,0.29
169,1604,2,1576,8,197.05,0.18,35.8,0.84,1.73,0.29,3.2,0.03,0.16,0.09,80.95,19.05,94.8,5.2,0.13,6,0.16,0.21,0.06,3,0.03,59.98,16.22,18.23,11.62,20.79,89.15,91.48,0.15,0.09,6.25,93.75,57.1,42.86,0.49,7.69,3.1,540,1.44,1.77,32.5,27.4, ,7.29,7.44,0.84,0.5,54.68,4.15, ,0.27,171,3.08,53,1.16,5.2,0.02,3.59,13.33,10.12,84.58,11.04,4.46,1.76,5.7,2104,56.1,5.39,3.69,6.8,0.2,29.14,63.01,70.81,3.3,13.49,2.24,6.76,1.29,0.05,97.7,2.3,99.1,0.93
165,1647,2,1614,8,201.71,0.19,43.6,0.93,1.85,0.29,3.5,0.04,0.24,0.12,74.19,25.81,93.5,6.49,0.12,10,0.13,0.24,0.04,3.3,0.04,49.31,18.09,13.29,12.18,11.8,87.55,90.86,0.13,0.09,0,100,62,37.96,0.46,7.49,0.65,506,0.68,1,33.8,28.6,0.02,1.3,4.47,0.34,0.25,54.06,3.7,0.22,0.35,225,3.18,48.3,1.64,6.8,0.06,4.8,13.58,10.84,82.77,17.93,6.02,4.55,7.9,2570,53.8,6.8,3.6,7.5,0.14,44.59,63.86,75.53,4.8,16.21,2.73,4.37,0.99,0.03,98.16,1.84,99.6,0.44
170,1295,2,1267,6.67,190.06,0.2,36.9,0.85,1.67,0.25,3,0.03,0.05,0.03,94.12,5.88,98.2,1.8,0.04,5,0.1,0.14,0.02,2.8,0.03,28.75,13.25,11.21,8.01,8.39,87.09,86.84,0.04,0.04,60,40,71.4,28.57,0.47,5.93,3.6,610,4,1.16,32.3,27.5,0.02,12.7,7.94,2.2,0.33,60.47,4.2,0.28,0.23,115,2.38,50.4,1.06,6.5,0.06,4.84,8.92,7.81,84.4,11.83,5.92,5.08,5,1764,47,8.5,3.39,6,0.18,53.71,69.89,78.77,7.27,19.32,2.79,7.79,0.98,0.05,97.91,2.09,99.4,0.59
170,1273,2,1252,6.67,187.83,0.33,58,1.24,2.32,0.39,3.5,0.02,0.09,0.06,92.74,7.26,97.4,2.59,0.05,7,0.08,0.16,0.05,3.2,0.02,17.35,11.85,6.02,6.44,11.97,84.65,81.62,0.07,0.05,12.5,87.5,68.8,31.25,0.64,7.97,6.6,671,4.3,4.49,30.6,25.6,0.02,15.61,7.74,2.21,1.23,49.92,4.61,0.56,0.26,175,3.8,51.4,1.21,5.9,0.04,3.76,12.35,11.93,86.21,12.07,6.5,6.8,8.1,1785,47.1,6.75,4.83,7.1,0.12,63.28,68.05,79.84,6.12,26.03,4.23,11.02,1.12,0.04,97.62,2.38,99.4,0.59
171,1634,2,1601,8,200.15,0.18,46,1.25,2,0.27,3.2,0.03,0.14,0.09,88.8,11.2,95.5,4.5,0.09,7,0.17,0.22,0.05,3,0.03,38.52,12.8,12.8,10.4,16.4,87.6,89.2,0.11,0.1,35.29,64.71,54.5,45.45,0.26,4.13,3.2,575,3.02,2.12,32.1,28.7,0.02,3.74,2.87,0.62,0.27,30.68,2.29,0.16,0.28,168,2.9,49.3,1.13,5.8,0.04,4.17,10.67,7.62,80.97,13.75,5.9,4.14,5.7,1840,47.6,8.08,5.1,6.5,0.1,53.57,73.7,78.92,8.37,39.15,4.17,6.53,0.91,0.05,98.09,1.91,99.4,0.62
170,1572,2,1537,8,192.15,0.13,39,0.94,1.8,0.24,3.1,0.03,0.12,0.07,87.27,12.73,96.1,3.89,0.1,6,0.2,0.2,0,2.9,0,46.4,15.1,18.2,12.2,17.1,89.3,92.5,0.11,0.07,38.89,61.11,69.6,30.43,0.38,5.84,4.7,762,3.12,2.26,32.5,26.5,0.02,14.49,7.62,1.26,0.48,51.43,3.25,0.25,0.17,118,2.18,51.5,1,5.5,0.04,3.93,8.84,6.58,81.44,11.86,5.05,3.68,3.1,1861,49.9,7.59,3.37,5.4,0.08,35.15,68.47,73.95,5.89,19.62,2.43,3.61,0.8,0.05,98.4,1.6,99.3,0.66
168,1665,2,1629,8,203.69,0.18,40,1.05,2.03,0.21,3.1,0.03,0.19,0.1,81.9,18.1,95.1,4.93,0.1,7.5,0.15,0.2,0.05,2.9,0.03,57.5,17.84,13.58,9.36,20.81,90.07,93.08,0.14,0.13,6.67,93.33,35,65,0.28,4.61,2.1,772,4.44,2.2,31.4,26.7,0.02,3.59,5.47,1.2,0.31,41.38,2.47,0.18,0.24,174,2.98,53.5,1.17,4.8,0.02,4.73,14.18,9.24,85.84,17.75,5.11,2.13,4,1769,56.5,6.46,3.05,5.1,0.1,34.17,62.51,75.98,4.49,20.06,2.35,4.61,1.21,0.06,97.86,2.14,99.1,0.93
172,1625,2,1587,8,198.43,0.12,36,0.93,2.08,0.2,3,0.07,0.09,0.06,90.32,9.68,97.1,2.88,0.05,5,0.13,0.22,0.03,2.7,0.07,40.53,12.71,13.23,10.01,13.72,84.82,90.08,0.07,0.06,46.15,53.85,72.7,27.27,0.25,3.96,2.9,670,3.36,2.18,30.8,27.4,0.04,6.2,4.49,0.9,0.26,38.43,2.27,0.14,0.34,102,1.9,46.9,0.96,8.3,0.14,10.56,9.94,7.41,81.79,17.41,10,6.91,3.3,1794,48.3,10.94,4.03,5.8,0.14,42.71,72.85,78.46,7.95,30.44,2.91,2.88,0.56,0.03,98.84,1.16,99.7,0.27
169,1591,2,1554,8,194.3,0.13,36,0.99,2.42,0.21,3.2,0.05,0.1,0.07,89.9,10.1,96.9,3.06,0.06,6,0.15,0.27,0.04,2.9,0.05,47.94,16.34,14.28,10.52,16.61,86.37,89.46,0.09,0.07,40,60,74.1,25.93,0.14,2.11,1.6,615,2.06,1.56,33,27.9,0.02,1.84,2.42,0.28,0.09,21.37,1.2,0.05,0.22,98,1.7,50.6,0.91,6.7,0.08,7.27,11.04,6.69,81.52,16.89,8.25,5.92,2.95,1415,45.4,11.1,5.52,7.7,0.14,42.94,70.2,78.74,7.88,45.13,4.18,4.56,0.98,0.04,97.84,2.16,99.6,0.36
167,1583,2,1548,8,193.5,0.11,30,0.77,2.06,0.22,3.1,0.04,0.06,0.04,92.21,7.79,98.1,1.94,0.04,5,0.12,0.21,0.03,2.8,0.04,38.91,15.13,14.79,9.67,13.8,86.09,92.52,0.05,0.04,58.33,41.67,81,19.05,0.23,3.55,2.3,842,13.3,1.84,28.1,26.1,0.04,5.41,6.16,3.96,0.2,29.31,1.94,0.22,0.21,82,1.4,50.2,0.79,7.2,0.04,7.3,8.86,6.16,82.6,12.17,7.91,3.3,3.2,1486,39.2,10.5,6.67,8.5,0.11,48.38,69.86,75.08,7.52,44.71,4.06,3.95,0.64,0.03,98.37,1.63,99.7,0.29
176,1578,2,1544,6,257.35,0.08,29,0.79,1.88,0.18,3,0.04,0.09,0.06,88.61,11.39,96.8,3.19,0.06,6,0.13,0.19,0.04,2.9,0.04,71.35,19.58,15.44,9.42,18.63,90.45,96.19,0.07,0.06,45.11,54.89,67.6,32.4,0.25,3.9,1.6,741,3.28,2,32.6,28.2,0.02,5.02,6.38,1.05,0.27,44.54,2.32,0.13,0.13,108,2.16,53.6,0.89,5.4,0.02,4.89,11.15,8.27,86.28,14.57,5.33,1.52,1.4,1712,55.2,7.04,3.82,5.4,0.08,18.74,62.89,75.24,4.03,22.26,1.9,2.17,0.72,0.02,98.7,1.3,99.7,0.28
171,1527,2,1491,7.67,194.52,0.18,41,1.09,1.79,0.33,3.7,0.03,0.16,0.1,85.32,14.68,94.4,5.59,0.08,7,0.21,0.31,0.06,3.4,0.03,46.29,16.77,18.35,16.5,17.32,88.07,91.4,0.13,0.11,38.1,61.9,64.5,35.48,0.39,5.84,1.8,592,2.14,2.08,32.2,29,0.02,4.28,5.83,0.77,0.46,38.24,3.09,0.25,0.31,127,2.36,49.5,1.17,7.2,0.06,5.07,8.6,5.83,74.48,9.55,5.27,5.17,4.4,1649,49.3,9.24,6.94,7.9,0.06,44.35,68.8,75.05,8.57,34.89,3.56,3.18,0.81,0.04,98.36,1.64,99.6,0.43
171,801,2,785,6.33,124,0.18,35.6,1.23,2.32,0.19,3.3,0.04,0.18,0.11,85.37,14.63,95.3,4.74,0.1,3,0.17,0.15,0.04,3.2,0.04,49.59,7.8,13.05,6.1,20.37,89.72,92.23,0.1,0.1,41.18,58.82,33.3,66.67,0.19,1.49,2.4,800,2.9,3.58,32.1,27.9,0.04,2.39,4.18,0.45,0.29,32.07,1.57,0.19,0.3,119,1.78,53.2,1.05,5.7,0.04,6.07,12.63,5.57,88.33,21.29,6.52,3.76,5.1,1748,63.6,7.82,3.19,4.7,0.1,41.94,75.38,80.93,5.28,26.28,2.19,3.82,1.44,0.04,97.74,2.26,99.5,0.51
164,1642,2,1607,8,200.88,0.18,41,1.04,2.01,0.29,3,0.03,0.1,0.05,90.38,9.62,97.5,2.49,0.07,4,0.11,0.16,0.03,2.7,0.03,44.09,8.88,10,7.53,9.78,86.05,92.11,0.05,0.05,54.55,45.45,68.8,31.25,0.4,6.4,2.8,653,2.14,1.41,32.6,27.6,0.02,7.42,6.1,0.82,0.28,44.74,3.7,0.26,0.32,90,0.96,52,1.18,5.7,0.02,7.17,7.1,3.1,87,13.68,6.46,2.18,3.7,1980,53.4,6.23,5.5,6.7,0.1,41.32,77.92,86.08,5.2,31.79,3.79,5.44,0.33,0.02,99.38,0.62,99.7,0.32
170,1390,2,1356,7.03,192.84,0.16,38,1.09,2.09,0.26,2.8,0.03,0.08,0.07,92.66,7.34,96.7,3.35,0.07,5,0.15,0.19,0.03,2.6,0.03,41.9,12.27,13,8.59,11.63,86.16,89.93,0.07,0.06,53.33,46.67,68.4,31.58,0.36,4.93,3.5,705,2.34,1.33,31.9,27.7,0.04,8.07,6.66,0.78,0.23,44.64,3.53,0.46,0.35,101,1.2,51.1,1.1,5.5,0.04,7.91,9.36,3.93,87.2,15.09,6.88,4.53,4.15,1723,56,5.19,4.65,6.1,0.1,42.12,71.7,82.29,3.98,28.65,3.43,5.08,0.89,0.02,98.41,1.59,99.6,0.39
186,1480,2,1447,6.47,223.74,0.19,47,1.17,2.03,0.3,2.8,0.03,0.11,0.05,90.6,9.4,97.5,2.46,0.07,5,0.11,0.13,0.03,2.5,0.03,36.17,10.42,8.85,6.03,7.84,83.3,84.15,0.06,0.05,45.45,54.55,61.5,38.46,0.49,7.15,1.53,670,1.82,0.88,32.9,28.2,0.04,4.15,7.33,0.77,0.21,54.19,4.93,0.59,0.32,94,1.42,50.7,1.07,6,0.06,6.22,7.37,4.3,88.44,12.63,7.52,6.33,5.2,1806,53.8,5.77,4.06,6.4,0.16,53.46,74.88,86.09,5.32,25.34,4.24,8.93,0.92,0.02,98.29,1.71,99.7,0.35
166,1800,2,1756,5.8,302.76,0.16,24,0.8,1.8,0.18,2.7,0.04,0.11,0.08,86.25,13.75,95.6,4.44,0.05,3,0.1,0.19,0.02,2.4,0.04,25.72,9.7,11.93,10.07,10.6,87.21,89.96,0.05,0.06,50,50,68.4,31.58,0.23,4.06,8.75,925,9.5,4.46,27.3,23.9,0.08,10.91,7.25,2.75,0.57,35.07,2.11,0.44,0.38,84,1.4,49.5,0.72,6,0.06,5.94,8.26,5.08,79.79,11.61,6.63,4.1,7.3,1513,44,11.8,5.27,7.3,0.16,57.43,74.8,80.25,9.57,42.72,4.06,5.5,0.71,0.07,98.39,1.61,99.4,0.59
168,1640,2,1603,8,200.38,0.19,51,1.14,1.78,0.31,3,0.08,0.13,0.09,88.6,11.4,94.9,5.06,0.07,7,0.17,0.28,0.04,2.7,0.08,38.58,12.87,14.17,14.95,13.18,85.73,89.97,0.09,0.07,47.06,52.94,75,25,0.54,8.59,3.55,673,3.48,3.62,30.4,27.1,0.06,11.02,6.97,1.63,1.09,52.52,4.85,0.38,0.2,121,1.76,53.2,1.09,6,0.08,2.88,5.81,3.83,74.16,8.72,4.97,2.35,4.25,1994,47.5,9.04,4.11,6.9,0.32,47.52,74.36,80.36,9.79,25.57,4.45,7.3,0.84,0.09,98.23,1.77,99,1
165,941,2,920,4.3,213.98,0.12,47,0.99,1.64,0.34,3.3,0.05,0.08,0.06,91.92,8.08,96.3,3.66,0.03,7,0.11,0.13,0.03,3,0.05,23.56,14.74,10.58,7.54,9.24,86.57,92.59,0.04,0.04,63.64,36.36,69.2,30.77,0.57,5.26,0.4,534,1.2,0.96,32.3,31.3,0.02,1.89,6.75,0.69,0.33,54.3,5.42,0.22,0.13,83,1.3,56.7,0.83,5,0.02,2.65,4.53,3.24,85.38,6.03,3.74,0.96,4.9,1881,47.6,6.22,5.82,7.9,0.18,71.9,73.98,85.49,6.74,30.44,4.26,6.23,0.89,0.03,98.13,1.87,99.5,0.48
166,1310,3,1276,7.47,170.85,0.15,53,1.12,1.91,0.58,3.5,0.06,0.16,0.07,85.71,14.29,96.3,3.66,0.07,8,0.16,0.19,0.05,3.1,0.06,47.31,14.59,13.42,9.35,8.1,82.35,90.09,0.07,0.06,56.25,43.75,68.4,31.58,1.15,14.62,0.84,562,1.78,1.44,33.3,28.3,0.04,6.93,12.51,1.82,0.86,65.81,9.17,0.73,0.23,139,2.52,50.7,1.22,5.3,0.08,5.09,8.3,6.92,81.67,6.47,4.61,3.93,3.1,1824,47.8,8.5,6.24,7.5,0.18,40.67,64.59,77.83,8.12,19.62,3.87,5.25,0.97,0.04,97.97,2.03,99.5,0.47
172,2170,2,2126,6.77,314.17,0.13,40.6,1.13,2.22,0.27,3.4,0.04,0.11,0.06,90.27,9.73,97.3,2.7,0.08,7,0.19,0.11,0.06,3.2,0.04,51.34,15.99,15.86,4.67,19.57,87.89,88.88,0.1,0.06,47.37,52.63,45.5,54.55,0.29,6.08,1.5,639,4.44,2.98,31.1,26.1,0.04,2.92,4.43,1.12,0.38,32.94,2.17,0.27,0.21,97,1.78,54,1.24,5.7,0.04,5.17,8.51,5.7,88.08,16.63,6.01,3.41,3.4,1673,49.8,8.68,4.75,7.7,0.18,40.57,71.07,77.31,6.86,30.86,3.93,7.44,0.9,0.03,98.19,1.81,99.7,0.35
167,1701,2,1665,7.67,217.12,0.11,47,1.3,2.11,0.3,3.1,0.03,0.09,0.05,93.08,6.92,97.6,2.37,0.06,4.6,0.16,0.19,0.05,2.8,0.03,37.98,9.21,11.6,8.49,14.14,86.08,86.81,0.08,0.04,50,50,78.9,21.05,0.54,8.99,3.4,742,4.24,3.7,28.8,26.4,0.06,12.34,8.51,1.76,0.95,51.87,4.65,1,0.24,139,2.3,53.1,1.47,5.3,0.04,5.38,9.85,5.9,83.94,16.34,5.77,4.1,3.5,1810,55.7,7.42,2.81,5.7,0.14,44.3,72.43,80.74,6.63,17.65,3.5,8.1,0.88,0.03,98.42,1.58,99.6,0.4
171,1023,2,1000,7,142.84,0.15,45,1.13,1.83,0.35,3.1,0.02,0.14,0.08,87.61,12.39,95.6,4.37,0.12,5,0.12,0.19,0.06,2.9,0.02,57.94,10.69,10.06,9.84,17.33,86.61,85.31,0.12,0.08,0,100,57.9,42.11,0.52,5.21,2.4,825,7.16,3.28,30.4,25.6,0.06,6.38,9.71,3.3,0.93,45.29,4.21,1.41,0.34,194,2.7,49.5,2.02,5.6,0.04,5.15,13,7.1,80.33,17.14,5.24,5.35,3.4,1675,51,9.24,4.02,7.1,0.1,30.54,66.6,79.54,8.9,20.24,3.94,7.93,0.8,0.04,98.43,1.57,99.6,0.43
166,922,2,901,6.83,131.81,0.17,47.9,1.33,2.04,0.4,3,0.09,0.12,0.06,90.98,9.02,97.1,2.94,0.09,4,0.12,0.24,0.04,2.7,0.08,46.22,7.28,8.5,11.08,9.89,83.68,93.54,0.09,0.07,25,75,70.8,29.17,0.58,5.25,0.41,524,0.76,1.14,32.8,30.2,0.02,1.3,5.9,0.33,0.33,47.77,5.79,0.14,0.14,143,2.78,54.4,1.31,5.1,0.04,2.36,8.53,6.45,82.33,10.11,5.18,1.53,4.3,1895,52.7,5.98,6.03,7.6,0.18,50.12,78.29,84.72,6.27,32.23,5.35,4.78,0.94,0.04,98.22,1.78,99.3,0.67
171,643,2,629,5,125.76,0.23,49,1.22,2.11,0.32,3.2,0.05,0.13,0.07,89.34,10.66,96.7,3.32,0.11,5,0.13,0.22,0.04,2.9,0.05,42.77,10.5,10.03,9.81,12.65,85.76,88.35,0.08,0.07,38.46,61.54,68.2,31.82,0.53,3.33,3,612,1.72,2.58,32.6,27.7,0.04,6.57,7.24,0.75,0.65,53.98,4.61,0.4,0.39,120,2.16,51.6,1.1,5.7,0.06,5.4,8.97,5.93,81.93,11.52,6,3.77,5.5,1648,51,8.06,3.51,5.8,0.2,45.27,73.29,83.29,7.61,21.85,3.63,7.48,0.83,0.05,98.37,1.63,99.4,0.62
168,1572,2,1534,8,191.8,0.13,37,0.94,1.93,0.24,3,0.04,0.08,0.05,91.49,8.51,97.4,2.59,0.05,7,0.14,0.18,0.03,2.7,0.04,34.12,19.06,14.18,8.88,11.9,87.92,91.55,0.07,0.05,50,50,72.2,27.78,0.4,6.07,1.92,700,4.34,2.42,31.4,27.6,0.02,5.45,7.93,1.83,0.5,51.8,3.74,0.19,0.23,111,2.24,52.9,1.08,5.3,0.04,5.23,10.08,7.57,87.02,14.29,5.75,3.05,6.4,1829,59.7,5.78,4.39,6.3,0.18,55.19,62.94,76.42,3.6,22.01,2.59,5.21,0.77,0.03,98.71,1.29,99.5,0.52
166,599,3,580,6.33,91.54,0.17,45,1.17,1.91,0.42,3.3,0.03,0.17,0.07,85.47,14.53,96.3,3.66,0.08,8,0.13,0.2,0.05,3,0.03,46.83,16.85,10.48,9.87,10.1,83.27,85.28,0.09,0.06,30.77,69.23,70,30,0.79,4.59,1.03,627,2.76,1.66,31.7,29.7,0.02,5.06,11.09,1.87,0.69,59.78,6.92,0.48,0.2,137,3.12,50.1,1.46,6.1,0.06,3.88,9.56,8.34,82,10.87,5.61,5.65,4,1571,52.1,7.98,4.54,8,0.16,44.23,62.5,79.32,7.44,19.25,4.19,8.59,1,0.03,98.08,1.92,99.6,0.38
170,1352,2,1325,6.33,209.27,0.21,37,1.27,2.08,0.45,3.5,0.03,0.15,0.09,88.19,11.81,95.7,4.33,0.14,7,0.18,0.22,0.07,3.2,0.04,50.35,14.8,13.17,9.83,13.42,81,84.63,0.08,0.06,55.56,44.44,72.7,27.27,0.97,12.79,0.5,493,2.86,1.08,31.9,29.3,0.01,1.87,10.83,2.17,0.5,68.43,7.7,0.22,0.58,125,1.56,38.5,1.29,7.8,0.1,10.63,13.47,5.82,87.65,13.58,10.06,10.78,7,1952,73,3.06,1.5,3.3,0.14,37.16,60.91,78.84,2.02,4.57,1.23,4.37,0.36,0.01,99.51,0.49,99.7,0.33
166,2269,2,2269,4,567.22,0.21,35,1.1,1.84,0.24,3.2,0.03,0.14,0.1,87.27,12.73,94.6,5.43,0,0,0,0,0,0,0,41.2,0,0,0,0,0,0,0.12,0.09,0,0,0,0,0.31,6.92,2.9,783,6.7,2.62,31.4,25.2,0.02,5.46,7.22,1.86,0.43,39.91,2.41,0.2,0.22,93,1.84,54,1.15,5.5,0.02,3.79,7.85,4.67,81.91,13.37,4.82,1.83,5.2,1450,53.7,7.46,4.55,6.1,0.08,49.52,67.62,75.27,6.25,29.23,2.95,4.05,0.96,0.04,98.21,1.79,99.5,0.54
171,1615,2,1578,8,197.26,0.19,39,0.93,1.98,0.28,3.3,0.03,0.13,0.1,86.02,13.98,94.9,5.05,0.09,7,0.12,0.3,0.05,3.1,0.03,44.02,15.8,12.3,14.4,18.3,88.8,94.8,0.11,0.09,8.33,91.67,70,30,0.38,5.96,3.23,743,4.3,2.62,30.7,26.3,0.02,6.29,6.69,1.75,0.5,41.44,3,0.25,0.3,212,3.3,48.5,1.42,5.7,0.02,5.05,16.53,11.61,80.12,16.59,5.62,2.18,6.2,1829,49.5,7.08,4.74,6.2,0.06,44.64,60.94,74.39,5,23.66,2.61,2.79,0.78,0.08,98.42,1.58,98.9,1.13
171,1559,3,1519,8,189.91,0.17,48,1.01,1.71,0.34,3.3,0.03,0.21,0.13,79.21,20.79,92.4,7.6,0.1,8,0.1,0.2,0.1,3,0,31.6,15.8,9.4,8.3,14.8,87.1,87,0.14,0.11,-40,140,26.7,73.33,0.57,8.62,2.59,584,2.98,4.03,30,27.7,0.04,9.78,6.87,1.67,1.34,50.07,4.8,1.04,0.25,209,3.98,50.1,1.56,5.9,0.05,4.8,12.5,11.37,84.56,13.24,5.2,6.6,5.5,2130,53.3,6.71,5.06,6.4,0.08,53.78,64.87,77.54,5.77,21.87,2.87,5.38,1.51,0.06,97.17,2.83,99.1,0.89
171,1645,2,1604,8,200.55,0.2,42,1.05,1.9,0.28,3.4,0.03,0.17,0.1,83.81,16.19,94.7,5.26,0.11,9,0.18,0.3,0.06,3.2,0.03,56.2,19.86,16.34,15.05,20.09,89.22,92.64,0.15,0.1,16.67,83.33,66.7,33.33,0.44,7.02,2,763,4.08,5.34,31.3,27.3,0.06,4.69,7.72,1.7,1.23,48.89,3.49,0.85,0.22,176,3.72,52.8,1.27,5.7,0.02,3.29,11.37,9.89,77.56,12.66,4.65,1.81,4.6,1816,52.1,8.06,3.54,6.2,0.1,35.82,61.05,72.07,6.16,18.36,2.63,4.71,1.09,0.04,97.91,2.09,99.5,0.5
171,1647,3,1605,8,200.67,0.24,38,1.04,1.97,0.27,3.1,0.04,0.15,0.08,85.58,14.42,95.9,4.06,0.11,8,0.17,0.24,0.05,2.9,0.04,40.56,19.7,15.55,11.59,19.02,88.57,92.47,0.12,0.08,29.41,70.59,66.7,33.33,0.4,6.43,4.5,744,3.3,3.62,30.7,27.3,0.04,6.99,7.72,1.27,0.74,45.57,3.51,0.39,0.36,157,3.58,52.4,1.27,5.3,0.04,4.28,12.46,10.55,81.52,14.42,5.22,2.98,8.7,1626,52.9,8.5,3.97,5.9,0.12,48.17,60.12,72.63,6.16,21,2.71,4.16,0.91,0.04,98.28,1.72,99.5,0.47
171,1440,2,1405,8,175.67,0.24,39,1.12,2.15,0.28,3.1,0.05,0.1,0.07,91.07,8.93,96.7,3.26,0.13,7,0.16,0.21,0.05,2.9,0.05,46.88,16.18,13.52,9.24,16.9,88.09,95.35,0.08,0.06,50,50,71.4,28.57,0.4,5.67,1.8,630,5.44,1.66,31.7,27.1,0.04,2.77,6.21,1.96,0.31,45.67,3.51,0.33,0.25,163,3.66,53,1.42,5.3,0.02,3.35,14.01,11.5,86.78,17.85,5.99,1.42,8.55,1806,56.7,5.46,3.8,5.2,0.1,47,63.61,73.02,3.66,19.57,2.41,2.91,1.01,0.04,98.22,1.78,99.3,0.73
178,1550,3,1508,8,188.55,0.17,32,1,1.8,0.24,3.2,0.06,0.13,0.07,87,13,96.1,3.89,0.09,4,0.12,0.14,0.05,3.1,0.07,45.97,10.97,11.39,7.38,18.19,89.07,94.69,0.1,0.07,16.67,83.33,50,50,0.34,5.18,6.5,898,6.36,2.77,30.3,24.9,0.04,12,8.9,2.18,0.53,43.32,2.59,0.2,0.31,105,2.08,51.6,1.01,5.7,0.06,4.78,8.69,5.96,82.13,12.06,4.94,2.45,3.7,1322,43,9.58,3.39,6,0.1,37.26,71.45,80.47,9.96,26.43,3.4,2.67,0.93,0.05,97.84,2.16,99.5,0.52
167,1324,2,1293,8,161.57,0.25,32,0.79,1.71,0.21,3.2,0.06,0.08,0.05,89.87,10.13,97.1,2.92,0.14,4,0.12,0.14,0.05,3,0.06,48.91,12.28,14.52,7.83,20.49,90.19,95.77,0.06,0.04,50,50,71.4,28.57,0.22,2.83,3.4,687,1.9,1.55,33.4,27.7,0.02,2.72,4.83,0.53,0.2,34.84,1.91,0.07,0.28,93,1.34,52.6,1.2,5.8,0.04,2.86,8.36,4.75,86.11,16,5.11,1.87,9.1,1697,46.3,7.33,4.4,6.5,0.1,45.5,74.54,80.2,5.87,28.67,2.8,2.28,0.88,0.05,98.1,1.9,99.3,0.68
166,1594,2,1557,8,194.57,0.32,42,1.2,2,0.38,3.7,0.04,0.13,0.05,89.17,10.83,97.5,2.5,0.13,4,0.17,0.2,0.06,3.4,0.04,49.62,9.77,13.36,9.43,15.64,87.27,92.89,0.11,0.04,35.29,64.71,80,20,0.58,9.07,2.8,632,2.64,1.51,33,26.9,0.02,6.61,9.54,1.28,0.44,50.63,4.27,0.29,0.34,116,1.98,50.1,1.42,6,0.04,4.49,9.8,5.38,81.7,12.19,5.33,3.21,5.3,1495,52.4,9.2,4.47,6.3,0.08,39.28,70.89,79.97,8.42,21.54,3.14,3.61,0.67,0.04,98.72,1.28,99.6,0.43
159,1552,3,1504,7.33,205.15,0.2,37,1.19,1.78,0.29,3,0.04,0.18,0.13,84.87,15.13,92.7,7.3,0.09,6,0.18,0.29,0.05,2.8,0.04,42.45,14.87,14.4,15.51,15.1,88.27,94.98,0.15,0.12,16.67,83.33,58.6,41.38,0.45,6.77,5.2,820,4.5,2.61,32.8,25.5,0.02,11.59,9.61,1.7,0.66,50.91,3.8,0.22,0.26,107,1.52,53.5,1.28,5.4,0.02,3.32,7.19,3.3,77.57,11.39,4.61,1.29,4.9,1495,54.6,6.34,3.73,5.7,0.08,42.64,68.34,80.6,6.26,22.59,3.32,3.5,1.42,0.06,97.4,2.6,99.1,0.95
169,1650,3,1605,8,200.59,0.25,37,1.11,1.74,0.32,3.2,0.05,0.12,0.06,89.19,10.81,96.6,3.45,0.12,5,0.14,0.29,0.05,3,0.05,50.77,13.02,12.02,15.88,13.69,87.43,89.08,0.08,0.07,42.86,57.14,75.9,24.14,0.39,6.26,3.1,628,2.94,2.5,32.8,27.8,0.02,5.37,6.7,1.03,0.56,40.01,3.32,0.15,0.33,122,2.4,51.5,1.52,6.5,0.1,3.67,8.36,5.42,74.23,11.91,4.99,4.69,5,1454,50,8.97,6.08,7.7,0.18,40.18,71.92,81.52,9.33,34.39,4.26,6.09,1.41,0.06,97.18,2.82,99.3,0.67
169,1635,2,1595,7.33,217.48,0.38,43,1.16,2,0.3,3.1,0.12,0.09,0.03,92.24,7.76,98.5,1.5,0.12,8,0.14,0.11,0.04,2.8,0.1,31.57,18.08,11.41,5.2,11.98,87.1,95.35,0.06,0.05,57.14,42.86,54.5,45.45,0.49,7.81,5,770,3.42,1.9,32,26.9,0.04,6.81,9.02,1.44,0.47,52.24,4.33,0.2,0.35,95,1.46,55,1.21,5.1,0.04,3.15,7.34,4.07,88.88,13.04,5.42,1.3,12.1,1579,55.5,6.28,3.93,5.5,0.18,58.47,65.56,83.08,5.45,22.75,3.14,3.15,0.88,0.04,98.41,1.59,99.4,0.64
167,1591,3,1550,7.67,202.21,0.26,40.2,1.1,1.88,0.29,2.9,0.08,0.09,0.06,91.82,8.18,96.8,3.19,0.12,9,0.17,0.25,0.05,2.7,0.08,43.58,19.72,14.69,12.64,17.37,87.16,92.46,0.09,0.04,47.06,52.94,84,16,0.43,6.72,1.8,480,3.62,2.08,31,28.9,0.01,2.98,4.79,1.43,0.48,46.31,4.25,0.05,0.4,99,1.46,51.7,1.24,5.5,0.1,4.38,6.54,3.8,78.77,12.25,5.35,3.48,7.8,1817,53.5,9.26,4.24,5.8,0.2,49.07,68.95,80.08,8.11,24.07,3.24,4,0.81,0.06,98.49,1.51,99.4,0.65
163,1670,2,1631,5.67,287.83,0.29,41,1.15,1.93,0.3,3,0.05,0.12,0.05,89.57,10.43,97.4,2.59,0.16,8,0.16,0.27,0.07,2.9,0.05,47.05,18.59,13.21,13.43,21.85,88.8,92.99,0.14,0.09,12.5,87.5,67,32.97,0.47,7.61,9,947,9.51,4.36,28.7,24.4,0.04,13,10.81,3.86,1.05,45.31,3.67,0.37,0.29,112,1.72,52.7,1.28,5.2,0.04,2.34,7.15,3.9,71.22,11.3,4.37,2.04,6.2,1324,46.4,14.08,3.25,5,0.12,37.6,63.45,79.03,14.29,21.54,3.16,4.6,0.85,0.08,98.17,1.83,99.4,0.57
165,846,3,824,7.33,112.41,0.17,42,1.01,1.86,0.29,3.3,0.04,0.09,0.05,91.09,8.91,97.3,2.69,0.07,3,0.12,0.2,0.05,3.1,0.04,39.93,7.65,11.29,10.22,16.06,88.85,92.38,0.07,0.05,41.67,58.33,75,25,0.22,1.85,2.3,738,5.04,2.08,31.7,27.3,0.02,3.1,4.45,1.12,0.25,24.57,1.85,0.11,0.19,100,1.74,54.1,1.15,5,0.02,2.98,7.01,4.5,76,10.36,3.94,1.27,4.2,1408,39.2,11.76,6.64,8.3,0.12,53.98,80.89,83.09,13.54,49.02,5.36,6.24,0.74,0.09,98.11,1.89,99.2,0.77
167,444,0,434,1,433.72,0.17,40,1.16,2.1,0.28,2.9,0.05,0.13,0.07,88.79,11.21,96.7,3.33,0.04,4,0.1,0.11,0.03,2.8,0.04,21.61,9.41,8.12,4.94,10.1,86.39,87.85,0.09,0.06,10,90,45.5,54.55,0.41,1.79,4.4,854,15.2,2.66,26.1,21.6,0.04,10.42,8.81,5.41,0.52,38.5,2.92,0.39,0.31,114,2.14,52.6,1.23,5.8,0.08,6.17,9.89,6.41,87.03,15.26,6.6,6.48,5.7,1523,49.1,8.34,5.35,6.6,0.12,61.8,71.9,80.05,7.51,36.14,4.09,5.29,1.16,0.1,97.64,2.36,98.8,1.2
168,1600,3,1559,8,194.89,0.21,31,0.98,1.94,0.23,2.9,0.05,0.07,0.04,92.86,7.14,97.9,2.06,0.08,5,0.12,0.18,0.03,2.6,0.04,43.34,13.55,11.63,8.81,11.56,87.44,88.58,0.05,0.05,58.33,41.67,72.2,27.78,0.28,4.31,2.6,589,7.82,1.92,30.7,28.4,0.04,4.1,4.64,2.2,0.27,36.87,2.78,0.26,0.28,103,1.98,51.8,1.08,5.5,0.1,5.04,9.27,6.37,84.19,14.8,6.14,7.35,5.1,1557,47.9,8,5.18,6.3,0.1,47.52,72.54,79.8,6.73,36.77,3.64,3.81,0.66,0.07,98.62,1.38,99.1,0.88
162,1498,2,1464,8,183.01,0.25,40,1.08,1.86,0.27,3.1,0.06,0.15,0.1,86.11,13.89,94.6,5.38,0.09,5,0.12,0.19,0.04,3,0.06,33.25,11.39,10.55,9.7,15.12,88.85,93.65,0.09,0.07,25,75,63.2,36.84,0.43,6.32,7.9,844,4.1,3.72,31.5,25.3,0.02,13.27,8.74,1.64,0.86,50.37,3.41,0.14,0.36,109,2,52.9,1.15,5.3,0.06,4.13,7.72,5.47,83.95,12.57,4.88,2.91,7.6,1802,53.3,6.12,3.55,5.5,0.12,49.34,72.15,82.35,5.49,21.94,2.86,3.29,1.01,0.06,98.11,1.89,99,0.98
165,1074,2,1050,6,175.04,0.25,40,1.18,1.66,0.24,3,0.04,0.11,0.07,90.68,9.32,95.8,4.22,0.09,5,0.11,0.22,0.05,2.8,0.04,33.61,10.85,8.89,12.64,18.28,89.78,90.88,0.1,0.07,9.09,90.91,68.2,31.82,0.29,3.01,6.2,804,3.88,4.05,30.9,25.2,0.04,6.95,5.24,0.94,0.7,36.87,2.43,0.27,0.3,147,2.74,52,1.46,5.4,0.06,2.98,8.49,5.89,79.48,15.43,4.61,3.63,7.9,1816,54.5,6.54,3.87,5.2,0.12,56.46,75.42,84.28,7.19,29.42,3.19,5.22,1.13,0.08,97.93,2.07,98.8,1.22
164,1524,2,1494,7,213.48,0.22,31,0.92,1.87,0.22,2.8,0.06,0.1,0.05,89.13,10.87,97.3,2.67,0.13,3,0.1,0.23,0.03,2.7,0.06,54.58,8.8,10.35,11.71,11.68,88.12,92.6,0.07,0.06,30,70,73.9,26.09,0.33,4.93,2.22,622,3.76,1.94,28.9,27.2,0.04,3.23,6.33,1.35,0.34,43.37,3.08,0.21,0.36,98,1.66,51,1.15,5.7,0.08,4.87,9.27,5.54,83.7,16.04,6,3.98,6,1740,54,5.64,4.51,5.8,0.14,37.32,75.61,82.77,4.25,28.91,2.8,3.2,0.77,0.02,98.57,1.43,99.6,0.35
168,846,2,829,5.67,146.25,0.27,38,1.1,1.81,0.27,2.9,0.07,0.11,0.05,90,10,97.2,2.76,0.08,4,0.07,0.16,0.03,2.7,0.07,51.35,9.09,6.05,8.4,8.8,87.53,95.62,0.06,0.05,14.29,85.71,68.8,31.25,0.57,4.75,4.8,937,11.4,3.94,27.3,24,0.06,18.6,12.86,5.94,1.25,58,4.7,0.49,0.14,118,2.28,54.1,1.3,5.3,0.04,2.71,8.08,5.93,85.5,13.77,5.17,1.65,2.6,1878,58,5.64,3.37,4.9,0.1,27.34,69.96,82.08,4.85,19.43,2.6,2.24,0.79,0.03,98.64,1.36,99.5,0.53
163,1560,2,1522,5.33,285.29,0.16,32,0.66,1.2,0.17,2.8,0.05,0.14,0.08,78.79,21.21,93.3,6.67,0.09,7,0.16,0.25,0.05,2.7,0.05,50.25,21.98,23.55,20.24,25.72,92.75,95.26,0.1,0.07,37.5,62.5,72,28,0.18,2.77,2.9,611,2.84,2.98,32.4,28.8,0.04,3.03,3.59,0.78,0.45,34.66,1.85,0.14,0.37,127,2.3,52,1.43,5.6,0.06,3.67,7.08,6.01,74.75,14.51,3.42,2.03,8,2226,49.1,5.84,4.56,6,0.14,43.05,67.35,69.65,4.56,25.11,1.99,2.57,1.29,0.07,97.37,2.63,98.8,1.2
164,1115,2,1089,7.33,148.52,0.18,44,0.88,1.42,0.26,3,0.03,0.08,0.05,90.91,9.09,96.5,3.52,0.08,8,0.14,0.18,0.02,2.8,0.03,33.04,17.5,15.26,12.16,8.85,88.33,91.47,0.06,0.05,57.14,42.86,72.2,27.78,0.35,3.78,4.05,616,2,3.38,33.6,27.9,0.04,6.05,4.87,0.79,0.83,44.83,3.18,0.44,0.47,186,3.32,48.7,2.11,6.7,0.04,4.89,10.26,9.12,82.92,19.62,5.33,3.07,9.9,2247,50.1,4.42,5.28,7.3,0.12,56.02,67.36,74.83,4.09,26.69,3.16,5.01,0.85,0.03,98.3,1.7,99.3,0.68
189,1590,2,1551,7.33,211.5,0.13,34,0.72,1.72,0.26,3.1,0.03,0.08,0.06,88.89,11.11,96.5,3.49,0.06,5,0.07,0.16,0.02,2.9,0.03,33.04,11.07,9.28,8.88,8.07,88.18,91.99,0.05,0.05,28.57,71.43,68.8,31.25,0.53,8.22,4.55,728,5.74,6.52,27.8,23.9,0.02,13.92,8.96,4.23,2.01,56.69,4.04,0.34,0.28,150,2.96,52.2,1.38,5.7,0.04,4.45,9.58,11.32,83.56,14.61,5,3.54,6.55,2360,42.1,7.43,4.17,6.8,0.1,48.59,70.39,75.18,5.55,20.62,2.79,4.13,1,0.08,97.62,2.38,98.9,1.08
